subAccountNumber,customerReference,businessName,propertyName,propertyNumber,outletTelephoneNumber,businessTypeDescription,faxNumber,email,customerWebSite,password,venueId,contactTitle,contactForename,contactSurname,contactPosition,contactTelephoneNumber,contactMobileNumber,contactEmailAddress,newContactId,updatedContactTitle,updatedContactForename,updatedContactSurname,updatedContactPosition,updatedContactTelephoneNumber,updatedContactMobileNumber,updatedContactEmailAddress,numberContacts,numberAgreements,updatedOutletTelephoneNumber,updatedBusinessName
181144600714,655,Caffe Nero - Dunfermline - 655,,,01383 624 765,,01383 621 346,,,,2063530,,,,,,,,,,,,,,,,,,,
181144600717,653,Caffe Nero - Heathrow T3 Pier 6 - 653,,,020 8564 9460,,020 8564 9705,,,,2063611,,,,,,,,,,,,,,,,,,,
181144600716,652,Caffe Nero - Heathrow T3 Pier 5 - 652,,,020 8897 2161,,020 8759 6596,,,,2063605,,,,,,,,,,,,,,,,,,,
181144600715,651,Caffe Nero - Solihull Mell Square - 651,,,0121 709 3861,,0121 704 2503,,,,2063531,,,,,,,,,,,,,,,,,,,
181144600710,649,Caffe Nero - Bristol The Galleries - 649,,,01159417279,,1159507138,,,,2062903,,,,,,,,,,,,,,,,,,,
181144600708,648,Caffe Nero - Belfast Royal Avenue - 648,,,01179221335,,1179221666,,,,2062678,,,,,,,,,,,,,,,,,,,
181144600707,647,Caffe Nero - Glasgow Great Western Road - 647,,,028 9043 4301,,028 9031 5427,,,,2062265,,,,,,,,,,,,,,,,,,,
181144600705,646,Caffe Nero - Salford Riverside - 646 ,,,0141 357 2790,,0141 334 2404,,,,2062260,,,,,,,,,,,,,,,,,,,
181144600706,645,Caffe Nero - Lincoln St - 645,,,0161 819 1544,,0161 832 4627,,,,2062263,,,,,,,,,,,,,,,,,,,
181144600709,644,Caffe Nero - Dublin South Street - 644,,,01522 528 123,,01522 524 476,,,,2063274,,,,,,,,,,,,,,,,,,,
181144600701,643,Caffe Nero - Chipping Norton - 643,,,035317079868,,35316708831,,,,2061791,,,,,,,,,,,,,,,,,,,
181144600702,642,Caffe Nero - Leeds University - 642,,,01608 644 929,,01608 644 653,,,,2061792,,,,,,,,,,,,,,,,,,,
181144600703,641,Caffe Nero - Dublin Hatch Street - 641,,,0113 241 6999,,0113 245 9866,,,,2061955,,,,,,,,,,,,,,,,,,,
181144600700,640,Caffe Nero - Harrow on the Hill NE - 640     ,,,035314788940,,35314788954,,,,2061560,,,,,,,,,,,,,,,,,,,
181144600704,639,Caffe Nero - Russell Square - 639,,,020 8515 8141,,020 8861 1020,,,,2061980,,,,,,,,,,,,,,,,,,,
181144600694,638,Caffe Nero - Inverness - 638,,,020 7580 9695,,020 7580 5632,,,,2061137,,,,,,,,,,,,,,,,,,,
181144600695,637,Caffe Nero - Charing Cross Road - 637,,,01463240363,,1463221926,,,,2061141,,,,,,,,,,,,,,,,,,,
181144600681,636,Caffe Nero - Leeds Trinity - 636,,,02072870971,,2072872371,,,,2059469,,,,,,,,,,,,,,,,,,,
181144600665,634,Caffe Nero - Surbiton Express Kiosk - 634,,,0113 245 7131,,0113 245 6924,,,,2059323,,,,,,,,,,,,,,,,,,,
181144600663,633,Caffe Nero - Newry The Quays - 633,,,028 3025 1706,,028 3083 3805,,,,2059248,,,,,,,,,,,,,,,,,,,
181144600684,632,Caffe Nero - Newcastle Eldon Square - 632,,,0191 261 2775,,0191 222 0412,,,,2060127,,,,,,,,,,,,,,,,,,,
181144600662,631,Caffe Nero - Edinburgh Fort Kinnaird - 631,,,0131 657 4667,,0131 669 4963,,,,2059245,,,,,,,,,,,,,,,,,,,
181144600664,630,Caffe Nero - Heathrow T3 Landside - 630,,,020 8759 3970,,020 8897 9734,,,,2059322,,,,,,,,,,,,,,,,,,,
181144600693,629,Caffe Nero - Dublin Excise Walk - 629,,,035317919733,,,,,,2061066,,,,,,,,,,,,,,,,,,,
181144600659,628,Caffe Nero - Heathrow T3 Airside - 628,,,020 8897 3259,,020 8897 1564,,,,2058960,,,,,,,,,,,,,,,,,,,
181144600645,627,Caffe Nero - Torquay Union Street - 627,,,01803 389065,,01803 298083,,,,2058598,,,,,,,,,,,,,,,,,,,
181144600654,626,Caffe Nero - Oxford Headington - 626,,,01865 760068,,01865 750265,,,,2058789,,,,,,,,,,,,,,,,,,,
181144600629,625,Caffe Nero - Finchley Road - 625,,,020 7372 0236,,020 7372 7289,,,,2058756,,,,,,,,,,,,,,,,,,,
181144600644,624,Caffe Nero - Dublin Donnybrook - 624,,,035312187824,,35312187825,,,,2059070,,,,,,,,,,,,,,,,,,,
181144600630,623,Caffe Nero - Thirsk - 623,,,01845 574549,,01845 574083,,,,2058827,,,,,,,,,,,,,,,,,,,
181144600605,622,Caffe Nero - Heathrow T5 Arrivals - 622,,,020 8283 8302,,020 8283 8303,,,,2057924,,,,,,,,,,,,,,,,,,,
181144600603,621,Caffe Nero - Islington - 621,,,020 7354 8403,,020 7354 2972,,,,2057645,,,,,,,,,,,,,,,,,,,
181144600581,620,Caffe Nero - Leeds Merrion Centre - 620,,,0113 243 0963,,0113 245 1726,,,,2057303,,,,,,,,,,,,,,,,,,,
181144600602,619,Caffe Nero - Holborn Proctor House - 619,,,020 7404 6491,,020 7242 2143,,,,2057784,,,,,,,,,,,,,,,,,,,
181144600578,618,Caffe Nero - Newport Retail Park - 618,,,01633 281 727,,01633 290 542,,,,2057094,,,,,,,,,,,,,,,,,,,
181144600580,617,Caffe Nero - Liverpool Lord Street - 617,,,0151 709 9457,,0151 708 6867,,,,2057096,,,,,,,,,,,,,,,,,,,
181144600579,616,Caffe Nero - St Albans - 616,,,01727 899392,,01727 857590,,,,2057095,,,,,,,,,,,,,,,,,,,
181144600575,615,Caffe Nero - Wakefield Trinity Walk - 615,,,01924371346,,1924372390,,,,2056731,,,,,,,,,,,,,,,,,,,
181144600576,614,Caffe Nero - Newcastle Central Station - 614,,,0191 222 1852,,0191 222 1284,,,,2056738,,,,,,,,,,,,,,,,,,,
181144600574,613,Caffe Nero - Braehead Shopping Centre - 613,,,01418850582,,1418851621,,,,2056730,,,,,,,,,,,,,,,,,,,
181144600572,612,Caffe Nero - Manchester T2 Landside - 612,,,0161 437 6370,,0161 498 0861,,,,2056545,,,,,,,,,,,,,,,,,,,
181144600577,611,Caffe Nero - Exmouth - 611,,,01395 272853,,01395 282869,,,,2057049,,,,,,,,,,,,,,,,,,,
181144600568,610,Caffe Nero - Birmingham Lower Temple - 610,,,0121 634 3836,,0121 643 0149,,,,2056088,,,,,,,,,,,,,,,,,,,
181144600569,609,Caffe Nero - Swansea Forrest Fach - 609,,,01792 587158,,01792 582642,,,,2056198,,,,,,,,,,,,,,,,,,,
181144600567,608,Caffe Nero - Colliers Wood NEXT - 608,,,020 8640 2721,,020 8687 5885,,,,2056087,,,,,,,,,,,,,,,,,,,
181144600564,607,Caffe Nero - Alderley Edge - 607,,,01625 583262,,01625 583386,,,,2055824,,,,,,,,,,,,,,,,,,,
181144600565,606,Caffe Nero - Newcastle Monument Mall - 606,,,0191 261 8935,,0191 230 5408,,,,2055819,,,,,,,,,,,,,,,,,,,
181144600563,605,Caffe Nero - Lisburn - 605,,,028 9266 9029,,028 9266 9971,,,,2055822,,,,,,,,,,,,,,,,,,,
181144600562,604,Caffe Nero - Westminster Elizabeth - 604,,,020 7259 0573,,020 7730 6420,,,,2055820,,,,,,,,,,,,,,,,,,,
181144600566,603,Caffe Nero - Next York Vangarde - 603,,,01904 626300,,01904 622027,,,,2055828,,,,,,,,,,,,,,,,,,,
181144600571,602,Caffe Nero - Heathrow Terminal 2 Kiosk - 602,,,02089767508,,020 8897 9938,,,,2056435,,,,,,,,,,,,,,,,,,,
181144600573,601,Caffe Nero - Heathrow T2B (HUB) - 601,,,02089767506,,020 8897 6629,,,,2056778,,,,,,,,,,,,,,,,,,,
181144600570,600,Caffe Nero - Heathrow Terminal 2 Arrivals - 600,,,020 89767507,,020 8897 8065,,,,2056427,,,,,,,,,,,,,,,,,,,
181144600660,599,Caffe Nero - Stansted Enterprise House - 599,,,01279 680 938,,01279 681 129,,,,2059000,,,,,,,,,,,,,,,,,,,
181144600559,598,Caffe Nero - Birmingham Brindley Place - 598,,,0121 643 4572,,0121 643 7273,,,,2055079,,,,,,,,,,,,,,,,,,,
181144600557,597,Caffe Nero - Harrogate Cambridge Crescent - 597,,,01423 524888,,01423 522013,,,,2054531,,,,,,,,,,,,,,,,,,,
181144600560,596,Caffe Nero - Dublin Merrion Row - 596,,,035316624247,,35316624150,,,,2055398,,,,,,,,,,,,,,,,,,,
181144600556,595,Caffe Nero - Milton Keynes Kingston Centre - 595,,,01908 586564,,01908 281941,,,,2054050,,,,,,,,,,,,,,,,,,,
181144600555,594,Caffe Nero - Oakham - 594,,,01572 757114,,01572 757938,,,,2053844,,,,,,,,,,,,,,,,,,,
181144600553,593,Caffe Nero - Street Clarks Village - 593,,,01458 445344,,01458 442464,,,,2053466,,,,,,,,,,,,,,,,,,,
181144600552,592,Caffe Nero - Blackpool - 592,,,01253 753203,,01253 752062,,,,2053465,,,,,,,,,,,,,,,,,,,
181144600551,591,Caffe Nero - Belfast Lisburn Road - 591,,,02890 683043,,02890 664676,,,,2053241,,,,,,,,,,,,,,,,,,,
181144600554,590,Caffe Nero - Guildford North St - 590,,,01483 526403,,01483 578060,,,,2053654,,,,,,,,,,,,,,,,,,,
181144600549,589,Caffe Nero - Windsor Peascod St - 589,,,0175 3620092,,01753 621187,,,,2053095,,,,,,,,,,,,,,,,,,,
181144600550,588,Caffe Nero - Newtownards - 588,,,028918 16220,,02891 819641,,,,2053726,,,,,,,,,,,,,,,,,,,
181144600548,587,Caffe Nero - Wembley - 587,,,0208 902 0169,,0208 795 2814,,,,2053094,,,,,,,,,,,,,,,,,,,
181144600547,586,Caffe Nero - Nottingham Carrington St - 586,,,011595 81629,,0115 9581221,,,,2052909,,,,,,,,,,,,,,,,,,,
181144600546,585,Caffe Nero - Omagh Showgrounds - 585,,,0288 225 0472,,0288 224 1038,,,,2052508,,,,,,,,,,,,,,,,,,,
181144600545,584,Caffe Nero - Manchester Portland St - 584,,,01612286518,,1612379084,,,,2052622,,,,,,,,,,,,,,,,,,,
181144600544,583,Caffe Nero - Stansted Coach Station - 583,,,01279681945,,1279681186,,,,2052577,,,,,,,,,,,,,,,,,,,
181144600543,582,Caffe Nero - Newcastle Under Lyme - 582,,,01782 626310,,01782 627984,,,,2052441,,,,,,,,,,,,,,,,,,,
181144600542,581,Caffe Nero - Milton Keynes Eagle Walk - 581,,,019083 31648,,019082 34748,,,,2052439,,,,,,,,,,,,,,,,,,,
181144600540,580,Caffe Nero - Greenwich North - 580,,,0208 8589 273,,,,,,2052935,,,,,,,,,,,,,,,,,,,
181144600539,579,Caffe Nero - Malvern Retail Park - 579,,,01684 576871,,01684 576789,,,,2051159,,,,,,,,,,,,,,,,,,,
181144600538,578,Caffe Nero - Newmarket - 578,,,0163 8667 628,,0163 8666 081,,,,2051158,,,,,,,,,,,,,,,,,,,
181144600537,577,Caffe Nero - TCR 5 - 577,,,0207 637 9890,,0207 637 9760,,,,2051156,,,,,,,,,,,,,,,,,,,
181144600536,576,Caffe Nero - Esher - 576,,,0137 246 8051,,0137 246 5345,,,,2051083,,,,,,,,,,,,,,,,,,,
181144600535,575,Caffe Nero - Manchester Peter St - 575,,,01618 33 0132,,0161 8399 668,,,,2051081,,,,,,,,,,,,,,,,,,,
181144600534,574,Caffe Nero - Aberdeen Union St (73) - 574,,,0122 459 0962,,0122 458 2225,,,,2051080,,,,,,,,,,,,,,,,,,,
181144600533,573,Caffe Nero - BBC World Café - 573,,,0207 637 7623,,0207 637 7624,,,,2050495,,,,,,,,,,,,,,,,,,,
181144600532,572,Caffe Nero - Newbury Northbrook St - 572,,,01635 581267,,016355 81268,,,,2050494,,,,,,,,,,,,,,,,,,,
181144600531,571,Caffe Nero - Cardiff Cowbridge - 571,,,01446 775100,,01446 772072,,,,2050489,,,,,,,,,,,,,,,,,,,
181144600530,570,Caffe Nero - Coleraine - 570,,,02870 328070,,02870 326039,,,,2049941,,,,,,,,,,,,,,,,,,,
181144600529,569,Caffe Nero - Whiteley Village - 569,,,01489 574 021,,01489 565 900,,,,2049940,,,,,,,,,,,,,,,,,,,
181144600528,568,Caffe Nero - Edinburgh Waverley NE - 568,,,0131 556 4315,,,,,,2050857,,,,,,,,,,,,,,,,,,,
181144600527,567,Caffe Nero - Camarthen - 567,,,01267 220 537,,01267 220 950,,,,2050282,,,,,,,,,,,,,,,,,,,
181144600526,565,Caffe Nero - Burgess Hill - 565,,,0144 425 0247,,0144 425 4583,,,,2056924,,,,,,,,,,,,,,,,,,,
181144600525,564,Caffe Nero - Sheffield-Division St - 564,,,0114 272 4058,,0114 272 8645,,,,2056923,,,,,,,,,,,,,,,,,,,
181144600523,563,Caffe Nero - Londonderry - 563,,,02871 374880,,028713 64461,,,,2054922,,,,,,,,,,,,,,,,,,,
181144600522,562,Caffe Nero - Kensington Arcade NE - 562,,,02079 381441,,02073 611672,,,,2056927,,,,,,,,,,,,,,,,,,,
181144600521,561,Caffe Nero - Farnham - 561,,,012527 10628,,012527 16411,,,,2056926,,,,,,,,,,,,,,,,,,,
181144600520,560,Caffe Nero - Chester Foregate St - 560,,,01244 318856,,012443 46652,,,,2056925,,,,,,,,,,,,,,,,,,,
181144600519,559,Caffe Nero - Belfast Chichester St - 559,,,0289 0310 545,,0289 0313 488,,,,2054921,,,,,,,,,,,,,,,,,,,
181144600515,558,Caffe Nero - Knaresborough - 558,,,01423 864 974,,01423 868 028,,,,2056929,,,,,,,,,,,,,,,,,,,
181144600516,557,Caffe Nero - Oxo Tower - 557,,,0207 9289 526,,0207 6339 459,,,,2056928,,,,,,,,,,,,,,,,,,,
181144600514,556,Caffe Nero - Wells - 556,,,017496 71472,,01749 678902,,,,2055153,,,,,,,,,,,,,,,,,,,
181144600511,555,Caffe Nero - Reading Friar St - 555,,,0118 958 2319,,0118 950 5061,,,,2055518,,,,,,,,,,,,,,,,,,,
181144600512,554,Caffe Nero - Sutton Coldfield - 554,,,0121 355 0443,,0121 355 3647,,,,2055659,,,,,,,,,,,,,,,,,,,
181144600510,553,Caffe Nero - Hove George St,,,01273 779 494,,01273 328 158,,,,2055724,,,,,,,,,,,,,,,,,,,
181144600513,552,Caffe Nero - Ealing Broadway 2 - 552,,,0208 579 3730,,0208 5677 371,,,,2055504,,,,,,,,,,,,,,,,,,,
181144600509,551,Caffe Nero - Buckingham Palace RD - 551,,,0207 233 7790,,0207 630 1800,,,,2049807,,,,,,,,,,,,,,,,,,,
181144600507,550,Caffe Nero - Newcastle St Marys - 550,,,0191 222 1520,,0191 222 1530,,,,2054920,,,,,,,,,,,,,,,,,,,
181144600505,549,Cafe Nero - Liverpool Myrtle - 549,,,0151 709 5106,,0151 708 8206,,,,2055559,,,,,,,,,,,,,,,,,,,
181144600506,548,Caffe Nero - Nottingham Trinity Sq,,,0115 958 1267,,0115 958 2453,,,,2054919,,,,,,,,,,,,,,,,,,,
181144600508,547,Caffe Nero - Bangor Wales - 547,,,012483 55119,,012483 51601,,,,2055542,,,,,,,,,,,,,,,,,,,
181144600503,546,Caffe Nero - TCR 4 - 546,,,0207 387 7812,,0203 214 5031,,,,2063420,,,,,,,,,,,,,,,,,,,
181144600498,545,Cafe Nero - Weston-Super-Mare - 545,,,01934 429578,,01934 413795,,,,2055668,,,,,,,,,,,,,,,,,,,
181144600504,544,Caffe Nero - Sutton High St - 544,,,0208 6610 804,,0208 6611 493,,,,2055736,,,,,,,,,,,,,,,,,,,
181144600501,543,Cafe Nero - Cardiff Leckwith - 543,,,029 2022 4122,,029 2022 0833,,,,2055615,,,,,,,,,,,,,,,,,,,
181144600494,542,Caffe Nero - Devizes - 542,,,01380 739521,,01380 724376,,,,2055671,,,,,,,,,,,,,,,,,,,
181144600541,541,Caffe Nero - Kings Cross 3 - 541,,,0207 837 6391,,,,,,2056997,,,,,,,,,,,,,,,,,,,
181144600488,540,Caffe Nero - Stratford North NE - 540,,,02085558154,,,,,,2056998,,,,,,,,,,,,,,,,,,,
181144600394,539,Caffe Nero - London Bridge Shard Express - 539,,,02074037247,,2072340322,,,,2056412,,,,,,,,,,,,,,,,,,,
181144600493,538,Caffe Nero - Glasgow West End Retail Park - 538,,,014133 49312,,01413 574302,,,,2056922,,,,,,,,,,,,,,,,,,,
181144600491,537,Caffe Nero - Queen Victoria St NE - 537,,,0207 248 3038,,0207 248 3023,,,,2055503,,,,,,,,,,,,,,,,,,,
181144600489,536,Caffe Nero - Chippenham - 536,,,0124 9661594,,01249 444 769,,,,2055612,,,,,,,,,,,,,,,,,,,
181144600490,535,Caffe Nero - Stratford South Express - 535,,,02085191553,,0208 534 6604,,,,2057000,,,,,,,,,,,,,,,,,,,
181144600492,534,Caffe Nero -  Brent Cross Fenwicks - 534,,,0208203 6084,,02082 031 907,,,,2055742,,,,,,,,,,,,,,,,,,,
181144600495,533,Cafe Nero - Belfast Donegall Square,,,02890 241031,,02890 245720,,,,2054918,,,,,,,,,,,,,,,,,,,
181144600485,532,Caffe Nero - Nantwich - 532,,,0127 061 8569,,0127 061 0930,,,,2055743,,,,,,,,,,,,,,,,,,,
181144600008,531,Caffe Nero - Cardiff Capitol Shopping Centre - 531,,,0292 037 2425,,0292 037 2412,,,,2055152,,,,,,,,,,,,,,,,,,,
181144600006,530,Caffe Nero - Paddington Station - 530,,,0207 402 2099,,0207402 0421,,,,2055603,,,,,,,,,,,,,,,,,,,
181144600010,529,Caffe Nero - Bluewater - 529,,,013 2238 2990,,013 223 70930,,,,2055501,,,,,,,,,,,,,,,,,,,
181144600007,528,Caffe Nero - Stratford Westfield - 528,,,0208 534 5336,,0208 534 0569,,,,2055594,,,,,,,,,,,,,,,,,,,
181144600005,527,Caffe Nero - Brighton Preston Street - 527,,,0127 372 9270,,0127 320 4219,,,,2055493,,,,,,,,,,,,,,,,,,,
181144600502,526,Caffe Nero - Cannon Street - 526,,,0207 283 1951,,,,,,2055627,,,,,,,,,,,,,,,,,,,
181144600500,525,Caffe Nero - Crawley,,,0129 354 0499,,0129 354 0745,,,,2054102,,,,,,,,,,,,,,,,,,,
181144600499,524,Caffe Nero - Eastleigh - 524,,,02380 617 993,,02380 610 953,,,,2055637,,,,,,,,,,,,,,,,,,,
181144600009,523,Caffe Nero - Cannon Street Unit 1 - 523,,,020 7283 1959,,020 7283 1952,,,,2056406,,,,,,,,,,,,,,,,,,,
181144600004,522,Caffe Nero - Marlborough - 522,,,0167 251 6188,,0167 251 3748,,,,2055669,,,,,,,,,,,,,,,,,,,
181144600425,521,Caffe Nero - Solihull - 521,,,0121 709 3676,,0121 709 3677,,,,2055705,,,,,,,,,,,,,,,,,,,
181144600426,520,Caffe Nero - Euston 2 - 520,,,0207 388 9810,,0207 388 4641,,,,2055550,,,,,,,,,,,,,,,,,,,
181144600424,519,Caffe Nero - Haywards Heath - 519,,,0144 445 1457,,0144 441 0876,,,,2055704,,,,,,,,,,,,,,,,,,,
181144600011,518,Caffe Nero - Bristol Horsefair - 518,,,01179 297 735,,01173 020 197,,,,2055592,,,,,,,,,,,,,,,,,,,
181144600423,517,Caffe Nero - Loughborough - 517,,,0150 921 8820,,0150 9210 290,,,,2055605,,,,,,,,,,,,,,,,,,,
181144600421,516,Caffe Nero - Richmond - 516,,,0208 948 0010,,0208 948 7221,,,,2055653,,,,,,,,,,,,,,,,,,,
181144600422,515,Caffe Nero - Belfast Botanic - 515,,,0289 0434 350,,0289 0312 697,,,,2054917,,,,,,,,,,,,,,,,,,,
181144600417,514,Caffe Nero - Fulham Palace Road - 514,,,020 7835 5630,,020 3010 3015,,,,2055573,,,,,,,,,,,,,,,,,,,
181144600419,513,Caffe Nero - Surbiton Railway Station NE - 513,,,02083399254,,02083 905 405,,,,2055306,,,,,,,,,,,,,,,,,,,
181144600412,512,Caffe Nero - Gatwick 1 Philleas - 512,,,012 9356 9485,,012 9356 9485,,,,2024461,,,,,,,,,,,,,,,,,,,
181144600416,511,Caffe Nero - Edinburgh The Walk - 511,,,0131 558 3349,,0131 557 5478,,,,2054739,,,,,,,,,,,,,,,,,,,
181144600418,510,Caffe Nero - Wimbledon Village - 510,,,020 8879 0784,,020 8879 0760,,,,2055634,,,,,,,,,,,,,,,,,,,
181144600414,509,Caffe Nero - Staines - 509,,,01784 454 057,,01784 457 765,,,,2055662,,,,,,,,,,,,,,,,,,,
181144600413,508,Caffe Nero - Edinburgh Royal Mile - 508,,,0131 220 0383,,0131 220 1403,,,,2054738,,,,,,,,,,,,,,,,,,,
181144600415,507,Caffe Nero - Sunderland - 507,,,0191 510 1405,,0191 510 1425,,,,2054916,,,,,,,,,,,,,,,,,,,
181144600410,505,Caffe Nero - Cardiff Wellfield Road - 505,,,029 2046 0328,,029 2047 0938,,,,2055644,,,,,,,,,,,,,,,,,,,
181144600420,504,Caffe Nero - Llandudno - 504,,,01492 872 253,,01492 879 663,,,,2055602,,,,,,,,,,,,,,,,,,,
181144600406,503,Caffe Nero - Monmouth - 503,,,01600 713934,,01600 716474,,,,2055714,,,,,,,,,,,,,,,,,,,
181144600411,502,Caffe Nero - Plantation Place - 502,,,02072836136,,2072830823,,,,2055151,,,,,,,,,,,,,,,,,,,
181144600409,500,Caffe Nero - Maida Vale - 500,,,02072 663931,,02072 661577,,,,2055617,,,,,,,,,,,,,,,,,,,
181144600407,499,Caffe Nero - Birmingham Airport - 499,,,0121 782 6138,,0121 782 6137,,,,2023014,,,,,,,,,,,,,,,,,,,
181144600408,498,Caffe Nero - Ipswich Westgate Street - 498,,,01473 231043,,01473 233079,,,,2055677,,,,,,,,,,,,,,,,,,,
181144600402,497,Caffe Nero - Skipton - 497,,,01756 790399,,01756 798272,,,,2054915,,,,,,,,,,,,,,,,,,,
181144600405,496,Caffe Nero - Bellevue Road - 496,,,0208 6724549,,0208 682 2641,,,,2055762,,,,,,,,,,,,,,,,,,,
181144600396,495,Caffe Nero - Ladbroke Grove - 495,,,020 7229 8624,,020 7229 8846,,,,2055557,,,,,,,,,,,,,,,,,,,
181144600397,494,Caffe Nero - Beverley Butchers Row - 494,,,01482 870 002,,01482 880 098,,,,2056391,,,,,,,,,,,,,,,,,,,
181144600401,493,Caffe Nero - Canterbury Georges St - 493,,,01227 785901,,01227 785129,,,,2055539,,,,,,,,,,,,,,,,,,,
181144600371,492,Caffe Nero - Moorgate Express - 492,,,0207 256 6916,,0207 374 8610,,,,2050058,,,,,,,,,,,,,,,,,,,
181144600380,491,Caffe Nero - Falkirk - 491,,,01324 623906,,01324 626485,,,,2054914,,,,,,,,,,,,,,,,,,,
181144600400,490,Caffe Nero - Manchester Olympic House - 490,,,0161 498 0136,,0161 437 2416,,,,2055684,,,,,,,,,,,,,,,,,,,
181144600395,489,Caffe Nero - Gerrards Cross - 489,,,01753 886167,,01753 884335,,,,2055150,,,,,,,,,,,,,,,,,,,
181144600382,488,Caffe Nero - Camberley HOF - 488,,,0127 667 6505,,0127 667 6246,,,,2055584,,,,,,,,,,,,,,,,,,,
181144600368,487,Caffe Nero - Manchester Airport T3 Landside - 487,,,01614986766,,1614379452,,,,2055492,,,,,,,,,,,,,,,,,,,
181144600383,486,Caffe Nero - Manchester Didsbury - 486,,,0161 448 1343,,0161 448 0461,,,,2055566,,,,,,,,,,,,,,,,,,,
181144600381,485,Caffe Nero - Newcastle Metro Centre - 485,,,01914 600520,,01914 610626,,,,2050078,,,,,,,,,,,,,,,,,,,
181144600364,484,Caffe Nero - Belfast Delaneys - 484,,,028 9031 0685,,028 9031 4617,,,,2054909,,,,,,,,,,,,,,,,,,,
181144600315,483,Caffe Nero - Reading Broad St - 483,,,0118 957 2390,,0118 959 7270,,,,2055495,,,,,,,,,,,,,,,,,,,
181144600313,482,Caffe Nero - Amersham - 482,,,0149 443 1607,,0149 443 1938,,,,2056405,,,,,,,,,,,,,,,,,,,
181144600289,480,Caffe Nero - Maidenhead - 480,,,01628 789809,,01628 628577,,,,2055604,,,,,,,,,,,,,,,,,,,
181144600301,479,Caffe Nero - Coventry - 479,,,024 7623 1050,,024 7663 2462,,,,2054546,,,,,,,,,,,,,,,,,,,
181144600043,478,Caffe Nero - Clitheroe - 478,,,01200 427434,,01200 423254,,,,2054720,,,,,,,,,,,,,,,,,,,
181144600248,477,Caffe Nero - Hastings - 477,,,01424 461435,,01424 461252,,,,2055139,,,,,,,,,,,,,,,,,,,
181144600187,476,Caffe Nero - Ely - 476,,,01353 658612,,01353 669637,,,,2055098,,,,,,,,,,,,,,,,,,,
181144600439,475,Caffe Nero - Hatfield Galleria - 475,,,01707 265935,,01707 251583,,,,2055774,,,,,,,,,,,,,,,,,,,
181144600173,474,Caffe Nero - Horsham - 474,,,01403 750718,,01403 261217,,,,2055651,,,,,,,,,,,,,,,,,,,
181144600174,473,Caffe Nero - Aylesbury - 473,,,01296 489978,,01296 485194,,,,2055574,,,,,,,,,,,,,,,,,,,
181144600163,472,Caffe Nero - Worcester Broad Street - 472,,,01905 617356,,01905 739476,,,,2055623,,,,,,,,,,,,,,,,,,,
181144600160,471,Caffe Nero - Dundee - 471,,,01382 203015,,01382 203084,,,,2054874,,,,,,,,,,,,,,,,,,,
181144600203,470,Caffe Nero - West Hampstead - 470,,,020 7435 8160,,020 7794 9490,,,,2055706,,,,,,,,,,,,,,,,,,,
181144600162,469,Caffe Nero - New Bridge street - 469,,,020 7248 8342,,020 7248 8343,,,,2055588,,,,,,,,,,,,,,,,,,,
181144600152,468,Caffe Nero - Upminster - 468,,,01708 228093,,01708 224693,,,,2055776,,,,,,,,,,,,,,,,,,,
181144600153,467,Caffe Nero - Tunbridge Wells High St - 467,,,01892 541932,,01892 542772,,,,2055763,,,,,,,,,,,,,,,,,,,
181144600212,466,Caffe Nero - Belfast Europa - 466,,,028 9023 4168,,028 9023 0517,,,,2055511,,,,,,,,,,,,,,,,,,,
181144600208,465,Caffe Nero - Leamington Spa The Parade - 465,,,01926 832378,,01926 332476,,,,2055544,,,,,,,,,,,,,,,,,,,
181144600158,464,Caffe Nero - Ruislip - 464,,,01895621488,,1895621275,,,,2055750,,,,,,,,,,,,,,,,,,,
181144600333,463,Caffe Nero - Nottingham Forman St - 463,,,0115 958 1244,,0115 958 1932,,,,2054913,,,,,,,,,,,,,,,,,,,
181144600318,462,Caffe Nero - Bournemouth Commercial Road - 462,,,01202298878,,1202558911,,,,2055124,,,,,,,,,,,,,,,,,,,
181144600441,461,Caffe Nero - Manchester Trafford - 461,,,01617497691,,1617497692,,,,2045604,,,,,,,,,,,,,,,,,,,
181144600017,460,Caffe Nero - Northallerton - 460,,,01609 780074,,01609 781364,,,,2054890,,,,,,,,,,,,,,,,,,,
181144600058,459,Caffe Nero - Cambridge Fitzroy St - 459,,,01223 359656,,01223 359658,,,,2055556,,,,,,,,,,,,,,,,,,,
181144600262,458,Caffe Nero - Uxbridge - 458,,,01895 237912,,01895 812263,,,,2055610,,,,,,,,,,,,,,,,,,,
181144600106,457,Caffe Nero - Bangor - 457,,,02891477429,,2891462657,,,,2054896,,,,,,,,,,,,,,,,,,,
181144600074,456,Caffe Nero - Stamford - 456,,,01780 753 347,,01780 764 906,,,,2055655,,,,,,,,,,,,,,,,,,,
181144600339,455,Caffe Nero - Middlesborough - 455,,,01642 228 988,,01642 228 992,,,,2054735,,,,,,,,,,,,,,,,,,,
181144600282,454,Caffe Nero - Boston - 454,,,01205 355979,,01205 361256,,,,2055125,,,,,,,,,,,,,,,,,,,
181144600079,453,Caffe Nero - Westfield - 453,,,020 8746 7244,,0208 735 1907,,,,2055648,,,,,,,,,,,,,,,,,,,
181144600285,452,Caffe Nero - Woodbridge - 452,,,01394 387146,,01394 384026,,,,2055737,,,,,,,,,,,,,,,,,,,
181144600072,451,Caffe Nero - Streatham High St - 451,,,020 8835 0764,,020 8769 0213,,,,2055607,,,,,,,,,,,,,,,,,,,
181144600132,450,Caffe Nero - Colchester Fenwicks - 450,,,01206 548186,,01206 548895,,,,2055765,,,,,,,,,,,,,,,,,,,
181144600345,449,Caffe Nero - Nuneaton - 449,,,024 7634 8008,,024 7634 2854,,,,2055687,,,,,,,,,,,,,,,,,,,
181144600066,448,Caffe Nero - Stratton St - 448,,,020 7495 8974,,020 7495 6916,,,,2055142,,,,,,,,,,,,,,,,,,,
181144600096,446,Caffe Nero - York Coppergate - 446,,,01904 622141,,01904 636213,,,,2054736,,,,,,,,,,,,,,,,,,,
181144600186,445,Caffe Nero - Leamington Spa Shires Retail - 445,,,01926 888184,,01926 889551,,,,2055732,,,,,,,,,,,,,,,,,,,
181144600129,444,Caffe Nero - Christchurch - 444,,,01202 476 118,,01202 485 350,,,,2055135,,,,,,,,,,,,,,,,,,,
181144600176,443,Caffe Nero - Manchester Airport T2 Airside - 443,,,0161 498 6540,,0161 437 8687,,,,2020771,,,,,,,,,,,,,,,,,,,
181144600283,442,Caffe Nero - Carlisle HOF - 442,,,01228 540 153,,01228 549 023,,,,2054723,,,,,,,,,,,,,,,,,,,
181144600443,441,Caffe Nero - Clapham Express - 441,,,02077382877,,2077382877,,,,2056415,,,,,,,,,,,,,,,,,,,
181144600302,440,Caffe Nero - Newcastle Fenwicks - 440,,,0191 232 6424,,0191 232 6425,,,,2054887,,,,,,,,,,,,,,,,,,,
181144600399,439,Caffe Nero - Witney - 439,,,01993 849731,,01993 779677,,,,2055545,,,,,,,,,,,,,,,,,,,
181144600375,438,Caffe Nero - Farringdon NE - 438,,,02072533272,,2074908060,,,,2055515,,,,,,,,,,,,,,,,,,,
181144600067,437,Caffe Nero - Marsham St - 437,,,0207 2224 154,,0207 2226 837,,,,2055144,,,,,,,,,,,,,,,,,,,
181144600446,436,Caffe Nero - Bristol Union St - 436,,,0117 9293 916,,0117 3763 320,,,,2055516,,,,,,,,,,,,,,,,,,,
181144600148,435,Caffe Nero - Bath Southgate - 435,,,01225 427 913,,01225 469 048,,,,2055489,,,,,,,,,,,,,,,,,,,
181144600049,434,Caffe Nero - Redditch - 434,,,01527 65625,,01527 65547,,,,2055664,,,,,,,,,,,,,,,,,,,
181144600202,433,Caffe Nero - Sheffield High St - 433,,,0114 273 9802,,0114 275 8782,,,,2055575,,,,,,,,,,,,,,,,,,,
181144600387,432,Caffe Nero - Edinburgh Airport Airside - 432,,,0131 333 2931,,0131 344 3955,,,,2055485,,,,,,,,,,,,,,,,,,,
181144600352,431,Caffe Nero - Bluewater HOF - 431,,,01322 370 361,,01322 370 996,,,,2055630,,,,,,,,,,,,,,,,,,,
181144600092,430,Caffe Nero - Southend - 430,,,0170 234 0392,,0170 2340 595,,,,2055571,,,,,,,,,,,,,,,,,,,
181144600044,429,Caffe Nero - Cheltenham High St 429,,,01242 263 670,,01242 220 665,,,,2055508,,,,,,,,,,,,,,,,,,,
181144600040,428,Caffe Nero - Ilkey - 428,,,01943 603091,,01943 605723,,,,2054889,,,,,,,,,,,,,,,,,,,
181144600101,427,Caffe Nero - Banstead - 427,,,0173 736 2504,,0173 735 1576,,,,2055123,,,,,,,,,,,,,,,,,,,
181144600272,426,Caffe Nero - Weybridge - 426,,,0193 2844 245,,0193 284 4602,,,,2055631,,,,,,,,,,,,,,,,,,,
181144600023,425,Caffe Nero - St Mary Axe - 425,,,0207 283 5180,,0207 283 5183,,,,2055538,,,,,,,,,,,,,,,,,,,
181144600340,424,Caffe Nero - Gloucester Rd - 424,,,02072448578,,2073738970,,,,2055520,,,,,,,,,,,,,,,,,,,
181144600121,423,Caffe Nero - Glasgow Buchanan Galleries - 423,,,0141 332 0385,,0141 332 0391,,,,2054724,,,,,,,,,,,,,,,,,,,
181144600093,422,Caffe Nero - Eastbourne - 422,,,0132 341 7977,,0132 364 9079,,,,2055130,,,,,,,,,,,,,,,,,,,
181144600211,421,Caffe Nero - York King Sq - 421,,,0190 461 3427,,0190 465 3298,,,,2054708,,,,,,,,,,,,,,,,,,,
181144600045,420,Caffe Nero - Cirencester - 420,,,01285 657 227,,01285 651 208,,,,2055695,,,,,,,,,,,,,,,,,,,
181144600274,419,Caffe Nero - Caterham - 419,,,0188 334 2464,,0188 334 8767,,,,2055735,,,,,,,,,,,,,,,,,,,
181144600117,418,Caffe Nero - Edinburgh HOF - 418,,,0131 225 1047,,0131 226 2185,,,,2054725,,,,,,,,,,,,,,,,,,,
181144600102,417,Caffe Nero - Holywood - 417,,,02890426542,,2890425348,,,,2054897,,,,,,,,,,,,,,,,,,,
181144600398,416,Caffe Nero - Heathrow T4 Landside - 416,,,020 8759 6622,,020 8759 4644,,,,2021173,,,,,,,,,,,,,,,,,,,
181144600068,415,Caffe Nero - Trafalgar Square - 415,,,020 7930 7929,,020 7321 2036,,,,2055527,,,,,,,,,,,,,,,,,,,
181144600052,414,Caffe Nero - Gloucester Quays - 414,,,01452 507 682,,01452 387 785,,,,2055713,,,,,,,,,,,,,,,,,,,
181144600379,411,Caffe Nero - Waterloo NE2 - 411,,,0207 261 9999,,0207 261 9999,,,,2056999,,,,,,,,,,,,,,,,,,,
181144600239,410,Caffe Nero - Euston Piazza - 410,,,0207 387 4665,,0207 387 4668,,,,2055565,,,,,,,,,,,,,,,,,,,
181144600016,408,Caffe Nero - Glasgow St Enochs - 408,,,0141 248 8838,,0141 248 8848,,,,2054726,,,,,,,,,,,,,,,,,,,
181144600207,406,Caffe Nero - Liverpool One - 406,,,0151 709 8423,,0151 709 8424,,,,2055509,,,,,,,,,,,,,,,,,,,
181144600247,405,Caffe Nero - Lavender Hill - 405,,,02079782490,,2076270325,,,,2055551,,,,,,,,,,,,,,,,,,,
181144600427,404,Caffe Nero - Edinburgh Waverley - 404,,,0131 558 8376,,0131 557 2914,,,,2054727,,,,,,,,,,,,,,,,,,,
181144600086,403,Caffe Nero - Felixstowe - 403,,,01394 284 844,,01394 284 475,,,,2055778,,,,,,,,,,,,,,,,,,,
181144600444,402,Caffe Nero - Falmouth - 402,,,01326 212720,,01326 218 716,,,,2055682,,,,,,,,,,,,,,,,,,,
181144600305,401,Caffe Nero - Grimsby HOF - 401,,,01472 352815,,01472 355906,,,,2054886,,,,,,,,,,,,,,,,,,,
181144600210,400,Caffe Nero - Birmingham Waterloo St - 400,,,0121 233 9800,,0121 233 9836,,,,2055691,,,,,,,,,,,,,,,,,,,
181144600325,399,Caffe Nero - Bristol HOF - 399,,,0117 929 7900,,0117 929 7922,,,,2055512,,,,,,,,,,,,,,,,,,,
181144600238,398,Caffe Nero - Hammersmith Broadway - 398,,,0208 748 7853,,0208 748 0792,,,,2055517,,,,,,,,,,,,,,,,,,,
181144600435,397,Caffe Nero - Leeds Bond St - 397,,,01132 425 206,,01132 439 067,,,,2054878,,,,,,,,,,,,,,,,,,,
181144600459,394,Caffe Nero - Bradford - 394,,,01274 729400,,01274 729290,,,,2054877,,,,,,,,,,,,,,,,,,,
181144600103,393,Caffe Nero - Beckenham - 393,,,020 8650 3655,,020 8650 3656,,,,2055770,,,,,,,,,,,,,,,,,,,
181144600122,392,Caffe Nero - Aberdeen Rose St - 392,,,01224 635520,,01224 635526,,,,2054898,,,,,,,,,,,,,,,,,,,
181144600130,391,Caffe Nero - Havant - 391,,,02392 453166,,2392453135,,,,2056390,,,,,,,,,,,,,,,,,,,
181144600261,390,Caffe Nero - Holloway Rd James Selby - 390,,,020 7700 0818,,020 7700 0164,,,,2055626,,,,,,,,,,,,,,,,,,,
181144600353,389,Caffe Nero - Cardiff HOF - 389,,,02920 667200,,O2920667210,,,,2055609,,,,,,,,,,,,,,,,,,,
181144600343,388,Caffe Nero - Darlington - 388,,,01325 354484,,1325350489,,,,2054737,,,,,,,,,,,,,,,,,,,
181144600118,386,Caffe Nero - Broughty Ferry - 386,,,01382 776300,,01382 776376,,,,2054899,,,,,,,,,,,,,,,,,,,
181144600319,385,Caffe Nero - Preston Fishergate - 385,,,01772 825832,,01772 825833,,,,2054714,,,,,,,,,,,,,,,,,,,
181144600273,384,Caffe Nero - Surbiton - 384,,,020 8399 5762,,020 8399 3715,,,,2055555,,,,,,,,,,,,,,,,,,,
181144600116,383,Caffe Nero - Belfast Fountain St - 383,,,02890 333974,,02890 240 138,,,,2054895,,,,,,,,,,,,,,,,,,,
181144600200,382,Caffe Nero - Southport Lord St - 382,,,01704 513700,,01704 513710,,,,2055710,,,,,,,,,,,,,,,,,,,
181144600199,381,Caffe Nero - Leicester Gallowtree - 381,,,0116 251 0006,,0116 262 0247,,,,2055526,,,,,,,,,,,,,,,,,,,
181144600090,380,Caffe Nero - Cardiff Duke St - 380,,,029 2023 6660,,029 2023 6750,,,,2055665,,,,,,,,,,,,,,,,,,,
181144600432,379,Caffe Nero - High Wycombe (HOF) - 379,,,01494 527711,,01494 527728,,,,2056919,,,,,,,,,,,,,,,,,,,
181144600050,378,Caffe Nero - Stratford upon Avon - 378,,,01789 417790,,01789 417705,,,,2055129,,,,,,,,,,,,,,,,,,,
181144600185,377,Caffe Nero - Manchester Mosley St - 377,,,0161 236 8555,,0161 236 1644,,,,2045610,,,,,,,,,,,,,,,,,,,
181144600385,375,Caffe Nero - Luton Airport NE - 375,,,01582 484800,,01582 484800,,,,2055146,,,,,,,,,,,,,,,,,,,
181144600149,374,Caffe Nero - Barnstaple - 374,,,01271 379 247,,01271 346 139,,,,2055613,,,,,,,,,,,,,,,,,,,
181144600107,373,Caffe Nero - Belfast Ann St - 373,,,02890 238778,,02890 238 644,,,,2054894,,,,,,,,,,,,,,,,,,,
181144600349,372,Caffe Nero - Belfast HOF - 372,,,02890 238100,,02890 238122,,,,2054532,,,,,,,,,,,,,,,,,,,
181144600496,371,Caffe Nero - Ballymena - 371,,,028 2563 9666,,028 2563 9440,,,,2054908,,,,,,,,,,,,,,,,,,,
181144600054,369,Caffe Nero - Poole - 369,,,01202 669 700,,01202 669 727,,,,2055147,,,,,,,,,,,,,,,,,,,
181144600474,368,Caffe Nero - Lincoln High St - 368,,,01522 528400,,01522 528445,,,,2055499,,,,,,,,,,,,,,,,,,,
181144600024,367,Caffe Nero - Theobalds Rd - 367,,,0207 242 0020,,0207 242 0079,,,,2055110,,,,,,,,,,,,,,,,,,,
181144600384,366,Caffe Nero - Heathrow T5 Landside - 366,,,0208 283 7337,,,,,,2021161,,,,,,,,,,,,,,,,,,,
181144600356,365,Caffe Nero - Reigate 365,,,01737 223 381,,01737 223391,,,,2055127,,,,,,,,,,,,,,,,,,,
181144600307,364,Caffe Nero - Muswell Hill - 364,,,0208 365 3555,,0208 365 3561,,,,2055772,,,,,,,,,,,,,,,,,,,
181144600473,363,Caffe Nero - Colchester - 363,,,01206 366 610,,01206 366 682,,,,2055596,,,,,,,,,,,,,,,,,,,
181144600198,362,Caffe Nero - Wigan - 362,,,01942 826 002,,01942 826 005,,,,2054707,,,,,,,,,,,,,,,,,,,
181144600299,361,Caffe Nero - Ebbsfleet Station - 361,,,01474 328 304,,01474 356 850,,,,2021326,,,,,,,,,,,,,,,,,,,
181144600082,359,Caffe Nero - Eurostar - 359,,,0207 713 8609,,0207 713 8607,,,,2054742,,,,,,,,,,,,,,,,,,,
181144600265,358,Caffe Nero - Welwyn Garden City - 358,,,01707 390 040,,01707 390 080,,,,2055680,,,,,,,,,,,,,,,,,,,
181144600032,357,Caffe Nero - Birkenhead - 357,,,0151 647 6062,,0151 647 6064,,,,2055600,,,,,,,,,,,,,,,,,,,
181144600140,356,Caffe Nero - Truro - 356,,,01872 274 300,,01872 274310,,,,2055694,,,,,,,,,,,,,,,,,,,
181144600376,355,Caffe Nero - City Airport Airside - 355,,,0207 511 7300,,0207 511 7342,,,,2021158,,,,,,,,,,,,,,,,,,,
181144600206,354,Caffe Nero - Liverpool Bold St - 354,,,0151 707 1234,,0151 707 1934,,,,2054133,,,,,,,,,,,,,,,,,,,
181144600447,353,Caffe Nero - Croydon George St - 353,,,0208 633 1515,,0208 633 1544,,,,2055126,,,,,,,,,,,,,,,,,,,
181144600135,352,Caffe Nero - Wallington - 352,,,0208 647 1300,,0208 647 1308,,,,2055701,,,,,,,,,,,,,,,,,,,
181144600197,351,Caffe Nero - Ealing Broadway - 351,,,0208 567 9100,,0208 567 9126,,,,2055587,,,,,,,,,,,,,,,,,,,
181144600326,350,Caffe Nero - Chesterfield - 350,,,01246 271 144,,01246 271 157,,,,2054885,,,,,,,,,,,,,,,,,,,
181144600367,349,Caffe Nero - Bracknell Bentalls - 349,,,01344 426 500,,01344 426 559,,,,2055585,,,,,,,,,,,,,,,,,,,
181144600323,348,Caffe Nero - Hull HOF - 348,,,01482 213 992,,01482 214 406,,,,2055373,,,,,,,,,,,,,,,,,,,
181144600297,347,Caffe Nero - Victoria East NE - 347,,,02076300623,,N/a,,,,2055497,,,,,,,,,,,,,,,,,,,
181144600378,343,Caffe Nero - Fenchurch St NE - 343,,,020 7488 1110,,0207 488 3617,,,,2055514,,,,,,,,,,,,,,,,,,,
181144600391,342,Caffe Nero - Charing Cross NE - 342,,,0207 930 7022,,0207 839 3300,,,,2058159,,,,,,,,,,,,,,,,,,,
181144600388,340,Caffe Nero - London Bridge NE - 340,,,,,7766185962,,,,2057001,,,,,,,,,,,,,,,,,,,
181144600404,339,Caffe Nero - Liverpool Lime St NE - 339,,,0151 707 8293,,0151 709 6475,,,,2021342,,,,,,,,,,,,,,,,,,,
181144600393,338,Caffe Nero - Victoria Platform 18 NE - 338,,,07826931050,,2076300721,,,,2021334,,,,,,,,,,,,,,,,,,,
181144600392,337,Caffe Nero - Victoria Central NE - 337,,,020 7630 8564,,0207 630 0623,,,,2021333,,,,,,,,,,,,,,,,,,,
181144600330,335,Caffe Nero - Wolverhampton HOF - 335,,,01902 428 300,,01902 428 304,,,,2055094,,,,,,,,,,,,,,,,,,,
181144600142,334,Caffe Nero - Plymouth High St - 334,,,01752 228 700,,01752 228 778,,,,2055661,,,,,,,,,,,,,,,,,,,
181144600094,333,Caffe Nero - Tenterden - 333,,,01580 763 700,,01580 763 740,,,,2055734,,,,,,,,,,,,,,,,,,,
181144600144,332,Caffe Nero - Plymouth HOF - 332,,,01752 220 700,,1752263421,,,,2055138,,,,,,,,,,,,,,,,,,,
181144600246,331,Caffe Nero - Madame Tussauds - 331,,,0207 224 2340,,020 7486 1017,,,,2055530,,,,,,,,,,,,,,,,,,,
181144600037,330,Caffe Nero - Golden Hind - 330,,,020 7407 7100,,020 7407 7101,,,,2050201,,,,,,,,,,,,,,,,,,,
181144600109,329,Caffe Nero - Bishops Stortford - 329,,,01279 759 002,,01279 759 004,,,,2055547,,,,,,,,,,,,,,,,,,,
181144600450,328,Caffe Nero - Chislehurst - 328,,,020 8467 8100,,020 8467 8170,,,,2055745,,,,,,,,,,,,,,,,,,,
181144600046,327,Caffe Nero - Cheltenham HOF - 327,,,01242 250 510,,01242 250 520,,,,2055658,,,,,,,,,,,,,,,,,,,
181144600428,326,Caffe Nero - City Rd - 326,,,0207 251 6444,,0207 251 6498,,,,2055541,,,,,,,,,,,,,,,,,,,
181144600131,325,Caffe Nero - Alton - 325,,,01420 86400,,01420 86403,,,,2055715,,,,,,,,,,,,,,,,,,,
181144600220,324,Caffe Nero - Warrington - 324,,,01925 413 001,,01925 413 005,,,,2054716,,,,,,,,,,,,,,,,,,,
181144600108,323,Caffe Nero - Coulsdon - 323,,,020 8660 7111,,020 8660 7333,,,,2055753,,,,,,,,,,,,,,,,,,,
181144600069,322,Caffe Nero - Swindon - 322,,,01793 511141,,01793 511142,,,,2055148,,,,,,,,,,,,,,,,,,,
181144600231,321,Caffe Nero - Stourbridge - 321,,,01384 441188,,01384 441192,,,,2055751,,,,,,,,,,,,,,,,,,,
181144600150,320,Caffe Nero - Andover - 320,,,01264 355 558,,01264 355 556,,,,2055692,,,,,,,,,,,,,,,,,,,
181144600151,319,Caffe Nero - Salisbury - 319,,,01722 327 300,,01722 327 188,,,,2055572,,,,,,,,,,,,,,,,,,,
181144600296,318,Caffe Nero - Brompton Rd - 318,,,020 3144 0133,,020 3144 0137,,,,2055674,,,,,,,,,,,,,,,,,,,
181144600120,317,Caffe Nero - Brentwood - 317,,,01277 849 800,,01277 849 089,,,,2055670,,,,,,,,,,,,,,,,,,,
181144600230,316,Caffe Nero - Shrewsbury - 316,,,01743 344 840,,01743 344 860,,,,2055528,,,,,,,,,,,,,,,,,,,
181144600324,315,Caffe Nero - Hull Savile Street - 315,,,01482 222 714,,01482 222 703,,,,2055370,,,,,,,,,,,,,,,,,,,
181144600098,314,Caffe Nero - Buxton - 314,,,01298 25900,,01298 25907,,,,2055752,,,,,,,,,,,,,,,,,,,
181144600039,313,Caffe Nero - Woking - 313,,,01483 776 700,,01483 776 702,,,,2055775,,,,,,,,,,,,,,,,,,,
181144600224,311,Caffe Nero - Macclesfield - 311,,,01625 611 122,,01625 611 126,,,,2055683,,,,,,,,,,,,,,,,,,,
181144600060,310,Caffe Nero - Rugby - 310,,,01788 573 900,,01788 573 700,,,,2055708,,,,,,,,,,,,,,,,,,,
181144600184,309,Caffe Nero - Oxford Gloucester Green - 309,,,01865 791 111,,01865 791 122,,,,2055641,,,,,,,,,,,,,,,,,,,
181144600279,308,Caffe Nero - Tooting - 308,,,020 8767 4400,,020 8767 4420,,,,2055716,,,,,,,,,,,,,,,,,,,
181144600123,307,Caffe Nero - Aberdeen Union St - 307,,,01224 633 330,,01224 632 277,,,,2054900,,,,,,,,,,,,,,,,,,,
181144600317,306,Caffe Nero - Romsey - 306,,,01794 516 300,,01794 516 309,,,,2055712,,,,,,,,,,,,,,,,,,,
181144600134,305,Caffe Nero - Kendal - 305,,,01539 722 071,,01539 722 023,,,,2054713,,,,,,,,,,,,,,,,,,,
181144600087,304,Caffe Nero - Berwick - 304,,,01289 304 600,,01289 304 635,,,,2054901,,,,,,,,,,,,,,,,,,,
181144600061,303,Caffe Nero - Lichfield - 303,,,01543 264 900,,01543 264 906,,,,2055702,,,,,,,,,,,,,,,,,,,
181144600105,302,Caffe Nero - Wrexham - 302,,,01978 357 800,,01978 357 806,,,,2055621,,,,,,,,,,,,,,,,,,,
181144600472,301,Caffe Nero - Ripon - 301,,,01765 600 661,,01765 600 663,,,,2054892,,,,,,,,,,,,,,,,,,,
181144600216,300,Caffe Nero - Chapel Allerton - 300,,,0113 266 0077,,0113 266 0079,,,,2054888,,,,,,,,,,,,,,,,,,,
181144600075,299,Caffe Nero - Enfield - 299,,,020 8362 1700,,020 8362 1739,,,,2055510,,,,,,,,,,,,,,,,,,,
181144600183,298,Caffe Nero - Manchester Piccadilly App - 298,,,0161 235 5001,,0161 235 5002,,,,2045609,,,,,,,,,,,,,,,,,,,
181144600097,297,Caffe Nero - Sheffield St Pauls - 297,,,0114 279 5522,,0114 279 5533,,,,2055569,,,,,,,,,,,,,,,,,,,
181144600256,296,Caffe Nero - Brixton Morleys - 296,,,020 7733 2361,,020 7733 2238,,,,2049112,,,,,,,,,,,,,,,,,,,
181144600168,295,Caffe Nero - Stanmore - 295,,,020 3114 0001,,020 3114 0002,,,,2055093,,,,,,,,,,,,,,,,,,,
181144600466,294,Caffe Nero - Walton on Thames - 294,,,01932 252 534,,01932 252 039,,,,2055676,,,,,,,,,,,,,,,,,,,
181144600018,293,Caffe Nero - St Helens - 293,,,01744 610 300,,01744 610 301,,,,2054706,,,,,,,,,,,,,,,,,,,
181144600255,292,Caffe Nero - Wimbledon Broadway - 292,,,020 8879 6184,,020 8946 2135,,,,2055537,,,,,,,,,,,,,,,,,,,
181144600316,291,Caffe Nero - Lymington - 291,,,01590 671 347,,01590 671 357,,,,2055746,,,,,,,,,,,,,,,,,,,
181144600471,290,Caffe Nero - Ramsgate - 290,,,01843 590 099,,01843 591 199,,,,2055727,,,,,,,,,,,,,,,,,,,
181144600146,289,Caffe Nero - Reading HOF - 289,,,01189 505 309,,01189 598 531,,,,2055707,,,,,,,,,,,,,,,,,,,
181144600337,288,Caffe Nero - St Neots - 288,,,01480 210 890,,01480 210 893,,,,2055591,,,,,,,,,,,,,,,,,,,
#N/A,287,Caffe Nero - Haymarket - 287,,,020 7930 9901,,020 7930 9902,,,,2055119,,,,,,,,,,,,,,,,,,,
181144600354,286,Caffe Nero - Ashford Town - 286,,,01233 641 884,,01233 641 882,,,,2055739,,,,,,,,,,,,,,,,,,,
181144600469,285,Caffe Nero - Abergavenny - 285,,,01873 854 449,,01873 852 228,,,,2055725,,,,,,,,,,,,,,,,,,,
181144600463,284,Caffe Nero - South Shields - 284,,,0191 427 9600,,0191 427 9612,,,,2054884,,,,,,,,,,,,,,,,,,,
181144600125,283,Caffe Nero - Stirling - 283,,,01786 451 577,,01786 451 507,,,,2054902,,,,,,,,,,,,,,,,,,,
181144600104,282,Caffe Nero - Hereford - 282,,,01432 379 500,,01432 379 501,,,,2055689,,,,,,,,,,,,,,,,,,,
181144600445,281,Caffe Nero - Twickenham - 281,,,0208 744 1009,,0208 744 2761,,,,2055675,,,,,,,,,,,,,,,,,,,
181144600095,280,Caffe Nero - Guisborough - 280,,,01287 619 300,,01287 619 700,,,,2054732,,,,,,,,,,,,,,,,,,,
181144600320,279,Caffe Nero - Bristol Clifton - 279,,,0117 923 7555,,0117 923 7511,,,,2055568,,,,,,,,,,,,,,,,,,,
181144600462,278,Caffe Nero - Sheffield Ecclesall Rd - 278,,,0114 268 4941,,0114 268 4946,,,,2055589,,,,,,,,,,,,,,,,,,,
181144600457,277,Caffe Nero - Henley - 277,,,01491 413 413,,01491 413 500,,,,2055747,,,,,,,,,,,,,,,,,,,
181144600470,276,Caffe Nero - Newport - 276,,,01633 222 030,,01633 222 035,,,,2055645,,,,,,,,,,,,,,,,,,,
181144600215,275,Caffe Nero - St Annes - 275,,,01253 725 720,,01253 725 719,,,,2054712,,,,,,,,,,,,,,,,,,,
181144600437,274,Caffe Nero - Birmingham Bullring - 274,,,0121 643 0100,,0121 643 0170,,,,2055636,,,,,,,,,,,,,,,,,,,
181144600048,273,Caffe Nero - Wokingham - 273,,,0118 977 0277,,0118 977 0240,,,,2055121,,,,,,,,,,,,,,,,,,,
181144600455,272,Caffe Nero - Hoddesdon - 272,,,01992 478004,,01992 478006,,,,2055766,,,,,,,,,,,,,,,,,,,
181144600143,271,Caffe Nero - Boscombe - 271,,,01202 392 503,,01202 392 507,,,,2055685,,,,,,,,,,,,,,,,,,,
181144600196,270,Caffe Nero - Beeston - 270,,,0115 922 2422,,0115 922 2423,,,,2055686,,,,,,,,,,,,,,,,,,,
181144600263,269,Caffe Nero - Sidcup - 269,,,020 3248 4037,,020 3248 4038,,,,2055711,,,,,,,,,,,,,,,,,,,
181144600278,268,Caffe Nero - Exeter Queen St - 268,,,01392 279 222,,01392 279 223,,,,2055506,,,,,,,,,,,,,,,,,,,
181144600182,267,Caffe Nero - Manchester Arndale - 267,,,0161 835 9105,,0161 835 9106,,,,2045606,,,,,,,,,,,,,,,,,,,
181144600483,264,Caffe Nero - Ayr - 264,,,01292 280 400,,01292 280 463,,,,2054728,,,,,,,,,,,,,,,,,,,
181144600028,263,Caffe Nero - Dulwich - 263,,,020 8613 1120,,020 8693 8410,,,,2055375,,,,,,,,,,,,,,,,,,,
181144600167,262,Caffe Nero - Harpenden - 262,,,01582 766 805,,01582 766 867,,,,2055767,,,,,,,,,,,,,,,,,,,
181144600141,261,Caffe Nero - Exeter High St - 261,,,01392 279 100,,01392 279 101,,,,2055524,,,,,,,,,,,,,,,,,,,
181144600222,260,Caffe Nero - Epping - 260,,,01992 560 172,,01992 560 174,,,,2055698,,,,,,,,,,,,,,,,,,,
181144600477,259,Caffe Nero - Gloucester Southgate St - 259,,,01452 526 661,,01452 526 663,,,,2055137,,,,,,,,,,,,,,,,,,,
181144600027,258,Caffe Nero - Crystal Palace - 258,,,020 8676 4100,,020 8676 4119,,,,2054135,,,,,,,,,,,,,,,,,,,
181144600467,257,Caffe Nero - East Grinstead - 257,,,01342 410 043,,01342 410 033,,,,2055120,,,,,,,,,,,,,,,,,,,
181144600214,255,Caffe Nero - Lytham - 255,,,01253 734 600,,01253 734 670,,,,2054711,,,,,,,,,,,,,,,,,,,
181144600304,254,Caffe Nero - Perth - 254,,,01738 440 928,,01738 440 900,,,,2054907,,,,,,,,,,,,,,,,,,,
181144600331,253,Caffe Nero - Borehamwood - 253,,,020 3210 1002,,020 3210 1003,,,,2055377,,,,,,,,,,,,,,,,,,,
181144600081,251,Caffe Nero - Ringwood - 251,,,01425 482 900,,01425 482 962,,,,2055729,,,,,,,,,,,,,,,,,,,
181144600026,250,Caffe Nero - Wandsworth Bridge Rd - 250,,,020 3010 1021,,020 3010 1022,,,,2055646,,,,,,,,,,,,,,,,,,,
181144600166,249,Caffe Nero - Radlett - 249,,,01923 853 021,,01923 853 023,,,,2055379,,,,,,,,,,,,,,,,,,,
181144600268,248,Caffe Nero - Market Harborough - 248,,,01858 414 800,,01858 414 847,,,,2055145,,,,,,,,,,,,,,,,,,,
181144600133,247,Caffe Nero - Sutton Carshalton Rd - 247,,,020 8770 7500,,020 8770 7569,,,,2055578,,,,,,,,,,,,,,,,,,,
181144600475,246,Caffe Nero - Melton Mowbray - 246,,,01664 562 200,,01664 562 241,,,,2055679,,,,,,,,,,,,,,,,,,,
181144600478,245,Caffe Nero - Kings Lynn - 245,,,01553 774 422,,01553 774 484,,,,2055131,,,,,,,,,,,,,,,,,,,
181144600100,244,Caffe Nero - Lewes - 244,,,01273 487 270,,01273 487 200,,,,2055693,,,,,,,,,,,,,,,,,,,
181144600013,243,Caffe Nero - Oxted - 243,,,01883 730 220,,01883 730 221,,,,2055699,,,,,,,,,,,,,,,,,,,
181144600287,242,Caffe Nero - Hanley - 242,,,01782 272 173,,01782 274 873,,,,2055731,,,,,,,,,,,,,,,,,,,
181144600264,241,Caffe Nero - Chingford - 241,,,020 8524 2866,,020 8524 6054,,,,2055723,,,,,,,,,,,,,,,,,,,
181144600229,240,Caffe Nero - Hertford - 240,,,01992 504 684,,01992 504 692,,,,2055597,,,,,,,,,,,,,,,,,,,
181144600245,239,Caffe Nero - Battersea Rise - 239,,,020 7350 2792,,020 7350 2977,,,,2055771,,,,,,,,,,,,,,,,,,,
181144600051,238,Caffe Nero - Norwich HOF - 238,,,01603 764 111,,01603 764 153,,,,2055583,,,,,,,,,,,,,,,,,,,
181144600195,237,Caffe Nero - West Bridgford - 237,,,0115 982 2838,,0115 982 2800,,,,2054883,,,,,,,,,,,,,,,,,,,
181144600091,236,Caffe Nero - Hexham - 236,,,01434 605 827,,01434 604 741,,,,2054906,,,,,,,,,,,,,,,,,,,
181144600267,235,Caffe Nero - Egham - 235,,,01784 471 463,,01784 471 996,,,,2055656,,,,,,,,,,,,,,,,,,,
181144600083,234,Caffe Nero - Gosforth - 234,,,0191 284 5393,,0191 284 6397,,,,2054882,,,,,,,,,,,,,,,,,,,
181144600290,229,Caffe Nero - Worcester - 229,,,01905 616 984,,01905 619 846,,,,2055768,,,,,,,,,,,,,,,,,,,
181144600181,228,Caffe Nero - Doncaster - 228,,,01302 340 523,,01302 340 505,,,,2055643,,,,,,,,,,,,,,,,,,,
181144600030,227,Caffe Nero - Fulham Road Fulham - 227,,,020 7751 9987,,020 7751 9995,,,,2054519,,,,,,,,,,,,,,,,,,,
181144600139,226,Caffe Nero - Tonbridge - 226,,,01732 351 356,,01732 351 351,,,,2055726,,,,,,,,,,,,,,,,,,,
181144600127,225,Caffe Nero - Glasgow Dundas St - 225,,,0141 353 2229,,0141 353 2240,,,,2054729,,,,,,,,,,,,,,,,,,,
181144600433,224,Caffe Nero - Manchester Deansgate 2 - 224,,,0161 8330844,,0161 833 0855,,,,2055525,,,,,,,,,,,,,,,,,,,
181144600070,223,Caffe Nero - Lincoln Waterstones - 223,,,01522 541122,,01522 541100,,,,2055133,,,,,,,,,,,,,,,,,,,
181144600194,222,Caffe Nero - Nottingham Wheelergate - 222,,,0115 941 3040,,0115 941 3060,,,,2054881,,,,,,,,,,,,,,,,,,,
181144600453,221,Caffe Nero - Chester Bridge St - 221,,,01244 344750,,01244 344716,,,,2055549,,,,,,,,,,,,,,,,,,,
181144600031,220,Caffe Nero - Kingston Bentalls - 220,,,020 8439 1600,,020 8439 1601,,,,2054545,,,,,,,,,,,,,,,,,,,
181144600361,219,Caffe Nero - West Wickham - 219,,,020 8777 1595,,020 8777 1359,,,,2055755,,,,,,,,,,,,,,,,,,,
181144600280,218,Caffe Nero - Thanet Waterstones - 218,,,01843 865 800,,01843 865 019,,,,2055744,,,,,,,,,,,,,,,,,,,
181144600288,217,Caffe Nero - Stockton - 217,,,01642 607771,,01642 607773,,,,2054730,,,,,,,,,,,,,,,,,,,
181144600429,216,Caffe Nero - Malvern - 216,,,01684 569 960,,01684 569969,,,,2055722,,,,,,,,,,,,,,,,,,,
181144600291,215,Caffe Nero - Heathrow T2 Bus Station - 215,,,020 8759 3000,,020 8759 3005,,,,2055118,,,,,,,,,,,,,,,,,,,
181144600201,214,Caffe Nero - Wilmslow Grove St - 214,,,01625 441 679,,01625 441 555,,,,2055718,,,,,,,,,,,,,,,,,,,
181144600363,213,Caffe Nero - Wimbledon Elys - 213,,,020 8971 0000,,020 8971 2146,,,,2055548,,,,,,,,,,,,,,,,,,,
181144600295,212,Caffe Nero - Wood Green - 212,,,020 8888 4957,,020 8888 1249,,,,2055117,,,,,,,,,,,,,,,,,,,
181144600497,211,Caffe Nero - Pinner - 211,,,020 8866 0644,,020 8868 2778,,,,2055764,,,,,,,,,,,,,,,,,,,
181144600193,210,Caffe Nero - Nottingham Angel Row - 210,,,0115 948 2648,,0115 948 2900,,,,2054880,,,,,,,,,,,,,,,,,,,
181144600452,209,Caffe Nero - Sale - 209,,,0161 969 7303,,0161 969 7300,,,,2055136,,,,,,,,,,,,,,,,,,,
181144600254,208,Caffe Nero - Earlsfield - 208,,,020 8879 3349,,020 8944 7877,,,,2055652,,,,,,,,,,,,,,,,,,,
181144600036,207,Caffe Nero - Waterloo The Cut - 207,,,020 7928 6213,,020 7620 1915,,,,2055608,,,,,,,,,,,,,,,,,,,
181144600076,206,Caffe Nero - Newbury - 206,,,01635 38682,,01635 38890,,,,2055618,,,,,,,,,,,,,,,,,,,
181144600219,204,Caffe Nero - Huddersfield - 204,,,01484 453 330,,01484 453 337,,,,2055563,,,,,,,,,,,,,,,,,,,
181144600366,203,Caffe Nero - Halifax - 203,,,01422 339 912,,01422 339 911,,,,2055108,,,,,,,,,,,,,,,,,,,
181144600228,202,Caffe Nero - Altrincham - 202,,,0161 929 5400,,0161 929 1802,,,,2055107,,,,,,,,,,,,,,,,,,,
181144600389,201,Caffe Nero - Maidstone HOF - 201,,,01622 690222,,01622 757168,,,,2055134,,,,,,,,,,,,,,,,,,,
181144600119,200,Caffe Nero - Edinburgh Glanville Pl - 200,,,0131 225 7226,,0131 225 4225,,,,2054731,,,,,,,,,,,,,,,,,,,
181144600284,199,Caffe Nero - Bury St Edmunds - 199,,,01284 769 175,,01284 763 322,,,,2055663,,,,,,,,,,,,,,,,,,,
181144600059,197,Caffe Nero - Cambridge Kings Parade - 197,,,01223 327 789,,01223 327 779,,,,2055128,,,,,,,,,,,,,,,,,,,
181144600481,196,Caffe Nero - Hove - 196,,,01273 776 626,,01273 775 482,,,,2055344,,,,,,,,,,,,,,,,,,,
181144600451,195,Caffe Nero - Newcastle Clayton St - 195,,,0191 230 0245,,0191 230 0345,,,,2054905,,,,,,,,,,,,,,,,,,,
181144600456,193,Caffe Nero - Sudbury - 193,,,01787 377 760,,01787 378 336,,,,2055690,,,,,,,,,,,,,,,,,,,
181144600277,192,Caffe Nero - Sevenoaks - 192,,,01732 779 050,,01732 462910,,,,2055721,,,,,,,,,,,,,,,,,,,
181144600038,191,Caffe Nero - Basingstoke Festival Pl - 191,,,01256 322 060,,01256 364 787,,,,2055633,,,,,,,,,,,,,,,,,,,
181144600128,190,Caffe Nero - Fareham - 190,,,01329 234 954,,01329 828 962,,,,2055616,,,,,,,,,,,,,,,,,,,
181144600218,187,Caffe Nero - Formby - 187,,,01704 833 349,,01704 833 356,,,,2055738,,,,,,,,,,,,,,,,,,,
181144600336,185,Caffe Nero - Leamington Spa - 185,,,01926 432 020,,01926 432 021,,,,2055688,,,,,,,,,,,,,,,,,,,
181144600276,184,Caffe Nero - East Croydon - 184,,,020 8688 4555,,020 8688 4547,,,,2055614,,,,,,,,,,,,,,,,,,,
181144600015,182,Caffe Nero - Glasgow HOF - 182,,,0141 221 2411,,0141 221 2481,,,,2054722,,,,,,,,,,,,,,,,,,,
181144600137,180,Caffe Nero - Glasgow Hope St - 180,,,0141 249 9832,,0141 249 9990,,,,2054721,,,,,,,,,,,,,,,,,,,
181144600180,179,Caffe Nero - Oxford Blackwells - 179,,,01865 727 147,,01865 722 829,,,,2055097,,,,,,,,,,,,,,,,,,,
181144600209,178,Caffe Nero - Derby - 178,,,01332 242 322,,01332 242 311,,,,2055102,,,,,,,,,,,,,,,,,,,
181144600322,176,Caffe Nero - Basingstoke Waterstones - 176,,,01256 328 544,,01256 329 544,,,,2055756,,,,,,,,,,,,,,,,,,,
181144600341,175,Caffe Nero - Croydon HOF - 175,,,020 8686 1422,,020 8686 1455,,,,2055777,,,,,,,,,,,,,,,,,,,
181144600454,173,Caffe Nero - Godalming - 173,,,01483 420 826,,01483 420 808,,,,2053074,,,,,,,,,,,,,,,,,,,
181144600479,172,Caffe Nero - Brighton Nile St - 172,,,01273 727 726,,01273 725 527,,,,2055558,,,,,,,,,,,,,,,,,,,
181144600232,171,Caffe Nero - Exmouth Market - 171,,,020 7833 3050,,020 7833 3535,,,,2055606,,,,,,,,,,,,,,,,,,,
181144600217,170,Caffe Nero - Lancaster - 170,,,0152 436 130,,0152 439 992,,,,2054715,,,,,,,,,,,,,,,,,,,
181144600053,169,Caffe Nero - East Putney - 169,,,020 8785 4446,,020 8785 6875,,,,2055758,,,,,,,,,,,,,,,,,,,
181144600259,168,Caffe Nero - Edgware Station Rd - 168,,,020 8952 4893,,020 8952 4912,,,,2055761,,,,,,,,,,,,,,,,,,,
181144600390,167,Caffe Nero - Victoria HOF - 167,,,0207 233 6983,,0207 630 1507,,,,2055700,,,,,,,,,,,,,,,,,,,
181144600369,166,Caffe Nero - Guildford HOF - 166,,,01483 511 192,,01483 511 193,,,,2055570,,,,,,,,,,,,,,,,,,,
181144600482,165,Caffe Nero - Petersfield - 165,,,01730 261 783,,01730 262 733,,,,2055696,,,,,,,,,,,,,,,,,,,
181144600089,164,Caffe Nero - Cardiff St Johns Sq - 164,,,02920 399 940,,02920 399 941,,,,2055593,,,,,,,,,,,,,,,,,,,
181144600055,163,Caffe Nero - Camden Parkway - 163,,,020 7485 2478,,020 7485 3444,,,,2055543,,,,,,,,,,,,,,,,,,,
181144600434,162,Caffe Nero - Manchester Wilmslow Park - 162,,,0161 224 3802,,0161 224 3816,,,,2055096,,,,,,,,,,,,,,,,,,,
181144600329,161,Caffe Nero - Warwick - 161,,,01926 402 315,,01926 490 054,,,,2055122,,,,,,,,,,,,,,,,,,,
181144600403,160,Caffe Nero - Beverley - 160,,,01482 881 444,,01482 881 566,,,,2055374,,,,,,,,,,,,,,,,,,,
181144600147,159,Caffe Nero - Bath High St - 159,,,01225 462 504,,01225 462 516,,,,2055498,,,,,,,,,,,,,,,,,,,
181144600342,158,Caffe Nero - Yeovil - 158,,,01935 410 457,,01935 476 042,,,,2055546,,,,,,,,,,,,,,,,,,,
181144600138,157,Caffe Nero - Weymouth - 157,,,01305 766 340,,01305 772 284,,,,2055595,,,,,,,,,,,,,,,,,,,
181144600213,156,Caffe Nero - Banbury - 156,,,01295 273 879,,01295 279 848,,,,2055654,,,,,,,,,,,,,,,,,,,
181144600042,155,Caffe Nero - Brighton Bond St - 155,,,01273 773 803,,01273 723 986,,,,2055586,,,,,,,,,,,,,,,,,,,
181144600012,154,Caffe Nero - Edinburgh Blackwells - 154,,,0131 558 2624,,0131 558 2628,,,,2054718,,,,,,,,,,,,,,,,,,,
181144600362,153,Caffe Nero - Bristol Corn St - 153,,,0117 927 9758,,0117 927 7790,,,,2055143,,,,,,,,,,,,,,,,,,,
181144600260,152,Caffe Nero - Hemel - 152,,,01442 236 439,,01442 233 932,,,,2055667,,,,,,,,,,,,,,,,,,,
181144600431,151,Caffe Nero - Hitchin - 151,,,01462 459 613,,01462 453 202,,,,2055657,,,,,,,,,,,,,,,,,,,
181144600235,150,Caffe Nero - TCR 2 - 150,,,020 7637 3346,,020 7637 3350,,,,2055564,,,,,,,,,,,,,,,,,,,
181144600115,149,Caffe Nero - Edinburgh Morningside - 149,,,0131 446 3746,,0131 446 3748,,,,2054717,,,,,,,,,,,,,,,,,,,
181144600172,148,Caffe Nero - Manchester Piccadilly Gdn - 148,,,0161 228 3049,,0161 228 3913,,,,2055490,,,,,,,,,,,,,,,,,,,
181144600275,147,Caffe Nero - Stafford - 147,,,01785 247 131,,01785 247 132,,,,2055581,,,,,,,,,,,,,,,,,,,
181144600014,146,Caffe Nero - Edinburgh Lothian Rd - 146,,,0131 229 7350,,0131 229 7355,,,,2054719,,,,,,,,,,,,,,,,,,,
181144600034,145,Caffe Nero - Fenchurch St - 145,,,020 7488 2602,,020 7488 9230,,,,2055642,,,,,,,,,,,,,,,,,,,
181144600436,144,Caffe Nero - Stockport - 144,,,0161 429 8955,,0161 477 0060,,,,2055649,,,,,,,,,,,,,,,,,,,
181144600321,143,Caffe Nero - Wandsworth Southside - 143,,,020 8870 1121,,020 8871 1860,,,,2055622,,,,,,,,,,,,,,,,,,,
181144600145,139,Caffe Nero - Teddington - 139,,,0208 943 4926,,020 8943 4533,,,,2055635,,,,,,,,,,,,,,,,,,,
181144600136,138,Caffe Nero - Epsom - 138,,,01372 745 981,,01372 741 399,,,,2055113,,,,,,,,,,,,,,,,,,,
181144600271,137,Caffe Nero - Spring St - 137,,,020 7706 9893,,020 7706 3744,,,,2055730,,,,,,,,,,,,,,,,,,,
181144600179,136,Caffe Nero - Manchester Oxford Rd - 136,,,0161 236 2325,,0161 236 2443,,,,2045633,,,,,,,,,,,,,,,,,,,
181144600223,135,Caffe Nero - Bolton - 135,,,01204 382 813,,01204 386 563,,,,2054710,,,,,,,,,,,,,,,,,,,
181144600312,134,Caffe Nero - Chelmsford - 134,,,01245 255 555,,01245 255 515,,,,2055749,,,,,,,,,,,,,,,,,,,
181144600085,133,Caffe Nero - Kidderminster - 133,,,01562 823 495,,01562 745 057,,,,2055660,,,,,,,,,,,,,,,,,,,
181144600373,132,Caffe Nero - Gatwick South Village - 132,,,01293 568 616,,01293 579 738,,,,2021055,,,,,,,,,,,,,,,,,,,
181144600270,131,Caffe Nero - Warwick Way - 131,,,020 7931 9963,,020 7931 9964,,,,2055529,,,,,,,,,,,,,,,,,,,
181144600430,128,Caffe Nero - Bournemouth Castlepoint - 128,,,01202 548 786,,01202 548 738,,,,2055632,,,,,,,,,,,,,,,,,,,
181144600073,127,Caffe Nero - Tooley St - 127,,,020 7407 9200,,020 7407 9202,,,,2049909,,,,,,,,,,,,,,,,,,,
181144600464,126,Caffe Nero - Taunton - 126,,,01823 423 820,,01823 423 821,,,,2055697,,,,,,,,,,,,,,,,,,,
181144600461,125,Caffe Nero - Preston Friargate - 125,,,01772 253 478,,01772 253 479,,,,2054709,,,,,,,,,,,,,,,,,,,
181144600065,124,Caffe Nero - St Martins Lane - 124,,,020 7836 5110,,020 7240 3507,,,,2055640,,,,,,,,,,,,,,,,,,,
181144600084,123,Caffe Nero - Lakeside - 123 ,,,01708 864 552,,01708 867 759,,,,2055521,,,,,,,,,,,,,,,,,,,
181144600088,122,Caffe Nero - Bournemouth Christchurch - 122,,,01202 295 491,,01202 295 581,,,,2055132,,,,,,,,,,,,,,,,,,,
181144600178,121,Caffe Nero - Leeds Boar Lane - 121,,,0113 242 5605,,0113 244 2318,,,,2054876,,,,,,,,,,,,,,,,,,,
181144600177,120,Caffe Nero - Leeds Park Row - 120,,,0113 242 9424,,0113 242 9423,,,,2054875,,,,,,,,,,,,,,,,,,,
181144600347,119,Caffe Nero - Golders Green - 119,,,020 8905 5142,,020 8455 5664,,,,2055759,,,,,,,,,,,,,,,,,,,
181144600440,118,Caffe Nero - Canary Wharf - 118,,,020 7719 8036,,020 7719 8037,,,,2052437,,,,,,,,,,,,,,,,,,,
181144600165,116,Caffe Nero - Rickmansworth - 116,,,01923 896 433,,01923 896 877,,,,2055619,,,,,,,,,,,,,,,,,,,
181144600244,115,Caffe Nero - Maidstone King St - 115,,,01622 757 768,,01622 757 364,,,,2055560,,,,,,,,,,,,,,,,,,,
181144600269,114,Caffe Nero - Harborne - 114,,,0121 427 9104,,0121 427 9706,,,,2055101,,,,,,,,,,,,,,,,,,,
181144600243,113,Caffe Nero - Fulham Road Chelsea - 113,,,020 7370 2505,,020 7259 2131,,,,2055532,,,,,,,,,,,,,,,,,,,
181144600332,112,Caffe Nero - Barnes - 112,,,020 8876 8808,,020 8876 0122,,,,2054053,,,,,,,,,,,,,,,,,,,
181144600071,111,Caffe Nero - Paternoster Square - 111,,,020 7236 3200,,020 7236 2426,,,,2055552,,,,,,,,,,,,,,,,,,,
181144600266,108,Caffe Nero - Highgate - 108,,,020 8442 9193,,020 8442 9204,,,,2055141,,,,,,,,,,,,,,,,,,,
181144600164,107,Caffe Nero - Chesham - 107,,,01494 775 388,,01494 775 038,,,,2055092,,,,,,,,,,,,,,,,,,,
181144600476,106,Caffe Nero - Winchester High St - 106,,,01962 868 889,,01962 868 181,,,,2055140,,,,,,,,,,,,,,,,,,,
181144600157,105,Caffe Nero - Watford - 105,,,01923 256 811,,01923 256 816,,,,2055599,,,,,,,,,,,,,,,,,,,
181144600348,102,Caffe Nero - Kilburn - 102,,,020 7328 7871,,020 7604 3198,,,,2055114,,,,,,,,,,,,,,,,,,,
181144600281,101,Caffe Nero - Ipswich - 101,,,01473 286 592,,01473 287 835,,,,2055535,,,,,,,,,,,,,,,,,,,
181144600327,99,Caffe Nero - Southport Chapel St - 099,,,01704 501 121,,01704 547 300,,,,2055638,,,,,,,,,,,,,,,,,,,
181144600022,97,Caffe Nero - Shoe Lane - 097,,,020 7353 1961,,020 7353 1965,,,,2056386,,,,,,,,,,,,,,,,,,,
181144600234,96,Caffe Nero - Curzon St - 096,,,020 7409 0595,,020 7409 2092,,,,2055533,,,,,,,,,,,,,,,,,,,
181144600159,93,Caffe Nero - Jermyn Street - 093,,,020 7437 9419,,020 7437 9422,,,,2055666,,,,,,,,,,,,,,,,,,,
181144600350,91,Caffe Nero - Wilcox Place - 091,,,020 7828 9194,,020 7233 8950,,,,2055625,,,,,,,,,,,,,,,,,,,
181144600126,89,Caffe Nero - Portsmouth - 089,,,02392 833 504,,02392 833 509,,,,2055611,,,,,,,,,,,,,,,,,,,
181144600258,88,Caffe Nero - Reading Oracle - 088,,,01189 500 588,,01189 596 592,,,,2055703,,,,,,,,,,,,,,,,,,,
181144600306,87,Caffe Nero - Paddington - 087,,,077 1736 7763,,020 7402 0421,,,,2050065,,,,,,,,,,,,,,,,,,,
181144600021,86,Caffe Nero - High Holborn - 086,,,0207 242 9139,,0207 242 9164,,,,2055590,,,,,,,,,,,,,,,,,,,
181144600359,85,Caffe Nero - Liverpool St - 085,,,020 7374 2774,,020 7374 2773,,,,2055672,,,,,,,,,,,,,,,,,,,
181144600020,84,Caffe Nero - Kingsway - 084,,,020 7831 3500,,020 7831 3502,,,,2055104,,,,,,,,,,,,,,,,,,,
181144600033,83,Caffe Nero - Wrights Lane - 083,,,020 7938 4016,,020 7937 1605,,,,2055561,,,,,,,,,,,,,,,,,,,
181144600019,82,Caffe Nero - Southampton Row - 082,,,020 7831 1627,,020 7831 1655,,,,2055103,,,,,,,,,,,,,,,,,,,
181144600365,81,Caffe Nero - Regent St 2 - 081,,,020 7499 6822,,020 7499 6823,,,,2050111,,,,,,,,,,,,,,,,,,,
181144600041,80,Caffe Nero - Worthing - 080,,,01903 239 040,,01903 231 816,,,,2055728,,,,,,,,,,,,,,,,,,,
181144600468,79,Caffe Nero - Canterbury - 079,,,01227 764 761,,01227 764 762,,,,2055491,,,,,,,,,,,,,,,,,,,
181144600253,78,Caffe Nero - Sheen - 078,,,020 8939 6863,,020 8878 6121,,,,2054052,,,,,,,,,,,,,,,,,,,
181144600465,77,Caffe Nero - Bath Old Bond St - 077,,,01225 470 390,,01225 470 393,,,,2055522,,,,,,,,,,,,,,,,,,,
181144600124,76,Caffe Nero - Chichester - 076,,,01243 839 080,,01243 792 001,,,,2055624,,,,,,,,,,,,,,,,,,,
181144600078,75,Caffe Nero - Bedford St - 075,,,020 7240 9399,,020 7240 9388,,,,2050113,,,,,,,,,,,,,,,,,,,
181144600355,73,Caffe Nero - Fulham Broadway - 073,,,020 7385 5830,,020 7385 7001,,,,2049951,,,,,,,,,,,,,,,,,,,
181144600292,71,Caffe Nero - Chiswick 2 - 071,,,020 8742 8495,,020 8987 9488,,,,2055554,,,,,,,,,,,,,,,,,,,
181144600328,69,Caffe Nero - Newgate St - 069,,,020 7726 0219,,020 7726 0218,,,,2055502,,,,,,,,,,,,,,,,,,,
181144600620,68,Caffe Nero - Cambridge Market St - 068,,,01223 307 728,,01223 307 729,,,,2058377,,,,,,,,,,,,,,,,,,,
181144600099,67,Caffe Nero - Tunbridge Wells - 067,,,01892 537 860,,01892 524 972,,,,2055540,,,,,,,,,,,,,,,,,,,
181144600257,66,Caffe Nero - Long Acre - 066,,,020 7836 6874,,020 7836 6487,,,,2050534,,,,,,,,,,,,,,,,,,,
181144600192,65,Caffe Nero - Birmingham Corporation St - 065,,,0121 236 7551,,0121 236 4077,,,,2055580,,,,,,,,,,,,,,,,,,,
181144600156,64,Caffe Nero - Piccadilly 2 - 064,,,020 7434 9339,,020 7434 9220,,,,2055091,,,,,,,,,,,,,,,,,,,
181144600346,63,Caffe Nero - Aldwych - 063,,,020 7836 5322,,020 7836 4292,,,,2055582,,,,,,,,,,,,,,,,,,,
181144600310,62,Caffe Nero - Balham - 062,,,020 8772 6634,,020 8772 6635,,,,2055678,,,,,,,,,,,,,,,,,,,
181144600360,61,Caffe Nero - Harrow - 061,,,020 8863 8433,,0208 861 6498,,,,2055719,,,,,,,,,,,,,,,,,,,
181144600111,60,Caffe Nero - Leicester Market St - 060,,,0116 255 4431,,0116 255 4436,,,,2055567,,,,,,,,,,,,,,,,,,,
181144600334,59,Caffe Nero - Glasgow Union St - 059,,,0141 248 1960,,0141 248 1962,,,,2054734,,,,,,,,,,,,,,,,,,,
181144600056,58,Caffe Nero - Leicester Haymarket - 058,,,0116 262 7949,,0116 262 7953,,,,2055116,,,,,,,,,,,,,,,,,,,
181144600025,57,Caffe Nero - Chester Eastgate - 057,,,01244 320216,,01244 321110,,,,2055100,,,,,,,,,,,,,,,,,,,
181144600171,56,Caffe Nero - Manchester Market St - 056,,,0161 237 5868,,0161 236 5664,,,,2045601,,,,,,,,,,,,,,,,,,,
181144600047,55,Caffe Nero - Norwich Gentlemans Walk - 055,,,01603 762201,,01603 622662,,,,2055115,,,,,,,,,,,,,,,,,,,
181144600344,54,Caffe Nero - Bromley - 054,,,020 8464 0688,,020 8464 8045,,,,2055523,,,,,,,,,,,,,,,,,,,
181144600294,53,Caffe Nero - Charlotte St - 053,,,020 7580 7584,,020 7580 7586,,,,2055519,,,,,,,,,,,,,,,,,,,
181144600460,52,Caffe Nero - Liverpool Castle St - 052,,,0151 227 9797,,0151 227 9798,,,,2055629,,,,,,,,,,,,,,,,,,,
181144600205,50,Caffe Nero - Liverpool Whitechapel - 050,,,0151 227 9520,,0151 227 9529,,,,2055095,,,,,,,,,,,,,,,,,,,
181144600204,49,Caffe Nero - Oxford High St - 049,,,01865 791 657,,01865 245 780,,,,2055507,,,,,,,,,,,,,,,,,,,
181144600252,48,Caffe Nero - Putney High St - 048,,,020 8785 9762,,020 8785 7689,,,,2054054,,,,,,,,,,,,,,,,,,,
181144600357,47,Caffe Nero - Windsor - 047,,,01753 855 953,,01753 855 609,,,,2055577,,,,,,,,,,,,,,,,,,,
181144600358,45,Caffe Nero - Northampton - 045,,,01604 233 796,,01604 233 798,,,,2055601,,,,,,,,,,,,,,,,,,,
181144600035,44,Caffe Nero - Eastcheap - 044,,,020 7626 3628,,020 7626 3629,,,,2055754,,,,,,,,,,,,,,,,,,,
181144600080,42,Caffe Nero - Peterborough - 042,,,0173 389 7941,,0173 389 8284,,,,2055757,,,,,,,,,,,,,,,,,,,
181144600114,41,Caffe Nero - Livingston Unit - 041,,,01506 418 808,,01506 411 352,,,,2054891,,,,,,,,,,,,,,,,,,,
181144600110,40,Caffe Nero - Portcullis House - 040,,,020 7925 0781,,020 7925 0780,,,,2050060,,,,,,,,,,,,,,,,,,,
181144600438,39,Caffe Nero - York MG - 039,,,01904 466343,,01904 466639,,,,2056416,,,,,,,,,,,,,,,,,,,
181144600242,38,Caffe Nero - Kingston Eden Walk - 038,,,020 8974 9995,,020 8974 9975,,,,2055536,,,,,,,,,,,,,,,,,,,
181144600188,36,Caffe Nero - Nottingham Bridlesmith - 036,,,0115 950 0911,,0115 950 0933,,,,2054879,,,,,,,,,,,,,,,,,,,
181144600077,35,Caffe Nero - Portobello - 035,,,020 7243 6063,,020 7243 6300,,,,2055576,,,,,,,,,,,,,,,,,,,
181144600251,34,Caffe Nero - Ashford MG - 034,,,01233 625 865,,01233 625 866,,,,2055620,,,,,,,,,,,,,,,,,,,
181144600309,33,Caffe Nero - Durham - 033,,,0191 384 9444,,0191 384 9666,,,,2054733,,,,,,,,,,,,,,,,,,,
181144600442,32,Caffe Nero - Bristol Queens Rd - 032,,,0117 929 4992,,0117 929 4993,,,,2055505,,,,,,,,,,,,,,,,,,,
181144600250,31,Caffe Nero - Edgware Road - 031,,,020 7724 5533,,020 7724 6633,,,,2055717,,,,,,,,,,,,,,,,,,,
181144600484,30,Caffe Nero - Guildford - 030,,,01483 578 811,,01483 578 757,,,,2055733,,,,,,,,,,,,,,,,,,,
181144600480,29,Caffe Nero - Brighton Western Rd - 029,,,01273 771 498,,01273 727 498,,,,2055488,,,,,,,,,,,,,,,,,,,
181144600449,28,Caffe Nero - Leeds Albion - 028,,,0113 243 8820,,0113 243 8821,,,,2054904,,,,,,,,,,,,,,,,,,,
181144600029,27,Caffe Nero - Clapham High St - 027,,,020 7627 8668,,020 7627 8338,,,,2055639,,,,,,,,,,,,,,,,,,,
181144600191,26,Caffe Nero - York Davygate - 026,,,01904 674 405,,01904 674 406,,,,2054704,,,,,,,,,,,,,,,,,,,
181144600249,25,Caffe Nero - Westbourne Grove - 025,,,020 7243 5882,,020 7243 5883,,,,2055650,,,,,,,,,,,,,,,,,,,
181144600170,24,Caffe Nero - Manchester Deansgate 1 - 024,,,0161 832 3186,,0161 832 3187,,,,2056931,,,,,,,,,,,,,,,,,,,
181144600308,23,Caffe Nero - Harrogate - 023,,,01423 561 444,,01423 568 060,,,,2054903,,,,,,,,,,,,,,,,,,,
181144600190,22,Caffe Nero - Chiswick 1 - 022,,,020 8742 0297,,020 8742 0087,,,,2055099,,,,,,,,,,,,,,,,,,,
181144600227,21,Caffe Nero - Leadenhall - 021,,,020 7621 9883,,020 7621 9884,,,,2055709,,,,,,,,,,,,,,,,,,,
181144600241,20,Caffe Nero - Piccadilly 1 - 020,,,020 7629 3036,,020 7629 3037,,,,2050076,,,,,,,,,,,,,,,,,,,
181144600161,18,Caffe Nero - Seven Dials - 018,,,020 7240 8918,,020 7240 9583,,,,2052818,,,,,,,,,,,,,,,,,,,
181144600240,17,Caffe Nero - Clapham Junction - 017,,,020 7978 4750,,020 7978 4753,,,,2049111,,,,,,,,,,,,,,,,,,,
181144600169,16,Caffe Nero - Manchester Cross St - 016,,,0161 832 1663,,0161 832 1488,,,,2056417,,,,,,,,,,,,,,,,,,,
181144600221,15,Caffe Nero - Camden Jamestown Rd - 015,,,020 7482 6969,,020 7482 6589,,,,2055760,,,,,,,,,,,,,,,,,,,
181144600370,14,Caffe Nero - Notting Hill - 014,,,020 7727 6505,,020 7727 6322,,,,2055513,,,,,,,,,,,,,,,,,,,
181144600064,13,Caffe Nero - Cranbourn St - 013,,,020 7836 6772,,020 7836 6773,,,,2055484,,,,,,,,,,,,,,,,,,,
181144600226,12,Caffe Nero - Winchester House - 012,,,020 7588 6001,,020 7588 7258,,,,2055769,,,,,,,,,,,,,,,,,,,
181144600063,11,Caffe Nero - Lancaster Place - 011,,,020 7836 6346,,020 7836 6356,,,,2055534,,,,,,,,,,,,,,,,,,,
181144600062,10,Caffe Nero - Strand - 010,,,020 7930 8483,,020 7930 8493,,,,2055500,,,,,,,,,,,,,,,,,,,
181144600225,9,Caffe Nero - Wormwood St - 009,,,020 7588 4848,,020 7588 4849,,,,2056388,,,,,,,,,,,,,,,,,,,
181144600189,8,Caffe Nero - Hammersmith King St - 008,,,020 8741 9939,,020 8741 5131,,,,2055531,,,,,,,,,,,,,,,,,,,
181144600155,7,Caffe Nero - Brewer Street - 007,,,020 7437 1497,,020 7437 3048,,,,2055487,,,,,,,,,,,,,,,,,,,
181144600233,6,Caffe Nero - TCR1 - 006,,,020 7580 3885,,020 7580 3014,,,,2055579,,,,,,,,,,,,,,,,,,,
181144600293,5,Caffe Nero - Hampstead - 005,,,020 7431 6057,,020 7435 6853,,,,2055111,,,,,,,,,,,,,,,,,,,
181144600113,3,Caffe Nero - Covent Garden - 003,,,020 7240 3433,,020 7240 9766,,,,2055496,,,,,,,,,,,,,,,,,,,
181144600112,2,Caffe Nero - South Kensington - 002,,,020 7581 1610,,020 7589 1760,,,,2055105,,,,,,,,,,,,,,,,,,,
181144600154,1,Caffe Nero - Frith Street - 001,,,020 7434 3887,,020 7734 8270,,,,2055486,,,,,,,,,,,,,,,,,,,
181144600682,,Caffe Nero - Manchester Cross St - SMC,,,0161 832 1488,,0161 832 1663,,,,2060125,,,,,,,,,,,,,,,,,,,
181144600617,,Caffe Nero - Harrogate - SMC,,,01423 568 060,,01423 561 444,,,,2058374,,,,,,,,,,,,,,,,,,,
181144600683,,Caffe Nero - Manchester Market St - SMC,,,0161 236 5664,,0161 237 5868,,,,2060126,,,,,,,,,,,,,,,,,,,
181144600618,,Caffe Nero - Chester Eastgate - SMC,,,01244 321110,,01244 320216,,,,2058375,,,,,,,,,,,,,,,,,,,
181144600619,,Caffe Nero - Leicester Haymarket - SMC,,,0116 262 7953,,0116 262 7949,,,,2058376,,,,,,,,,,,,,,,,,,,
181144600622,,Caffe Nero - Leeds Park Row - SMC,,,0113 242 9423,,0113 242 9424,,,,2058379,,,,,,,,,,,,,,,,,,,
181144600623,,Caffe Nero - Leeds Boar Lane - SMC,,,0113 244 2318,,0113 242 5605,,,,2058381,,,,,,,,,,,,,,,,,,,
181144600624,,Caffe Nero - Bournemouth Christchurch - SMC,,,01202 295 581,,01202 295 491,,,,2058382,,,,,,,,,,,,,,,,,,,
181144600625,,Caffe Nero - Derby - SMC,,,01332 242 311,,01332 242 322,,,,2058383,,,,,,,,,,,,,,,,,,,
181144600611,,Caffe Nero - Oxford Blackwells - SMC,,,01865 722 829,,01865 727 147,,,,2058143,,,,,,,,,,,,,,,,,,,
181144600626,,Caffe Nero - Nottingham Wheelergate - SMC,,,0115 941 3060,,0115 941 3040,,,,2058384,,,,,,,,,,,,,,,,,,,
181144600612,,Caffe Nero - Fulham Road Fulham - SMC,,,020 7751 9995,,020 7751 9987,,,,2058153,,,,,,,,,,,,,,,,,,,
181144600614,,Caffe Nero - Wandsworth Bridge Rd - SMC,,,020 3010 1022,,020 3010 1021,,,,2058155,,,,,,,,,,,,,,,,,,,
181144600627,,Caffe Nero - Manchester Arndale - SMC,,,0161 835 9106,,0161 835 9105,,,,2058385,,,,,,,,,,,,,,,,,,,
181144600613,,Caffe Nero - Wokingham - SMC,,,0118 977 0240,,0118 977 0277,,,,2058154,,,,,,,,,,,,,,,,,,,
181144600615,,Caffe Nero - Stanmore - SMC,,,020 3114 0002,,020 3114 0001,,,,2058156,,,,,,,,,,,,,,,,,,,
181144600286,,Caffe Nero - Manchester Oxford Road - SMC,,,0161 236 2443,,0161 236 2325,,,,2055149,,,,,,,,,,,,,,,,,,,
181144600616,,Caffe Nero - Reading Broad St - SMC,,,0118 959 7270,,0118 957 2390,,,,2058157,,,,,,,,,,,,,,,,,,,
181144600314,,Caffe Nero - Head Office,,,02073790858,,020 7520 5121,,,,2055741,,,,,,,,,,,,,,,,,,,
181144600558,,Cafe Nero - Long Acre Recruitment Cen,,,02078367307,,020 7836 6874,,,,2054526,,,,,,,,,,,,,,,,,,,
181144600561,,Caffe Nero - York MG - SMC,,,01904 466639,,01904 466343,,,,2055222,,,,,,,,,,,,,,,,,,,
181144600057,,Caffe Nero -  Cambridge Market St - SMC,,,01223 307 729,,01223 307 728,,,,2055553,,,,,,,,,,,,,,,,,,,
181144600589,,Caffe Nero - Crystal Palace - SMC,,,020 8676 4119,,020 8676 4100,,,,2057521,,,,,,,,,,,,,,,,,,,
181144600583,,Caffe Nero - Worthing - SMC,,,01903 231 816,,01903 239 040,,,,2057525,,,,,,,,,,,,,,,,,,,
181144600584,,Caffe Nero - Maidstone King St - SMC,,,01622 757 364,,01622 757 768,,,,2057526,,,,,,,,,,,,,,,,,,,
181144600585,,Caffe Nero - Epsom - SMC,,,01372 741 399,,01372 745 981,,,,2057527,,,,,,,,,,,,,,,,,,,
181144600586,,Caffe Nero - Godalming - SMC,,,01483 420 808,,01483 420 826,,,,2057528,,,,,,,,,,,,,,,,,,,
181144600587,,Caffe Nero - Maidstone HOF - SMC,,,01622 757168,,01622 690222,,,,2057529,,,,,,,,,,,,,,,,,,,
181144600588,,Caffe Nero - East Grinstead - SMC,,,01342 410 033,,01342 410 043,,,,2057530,,,,,,,,,,,,,,,,,,,
181144600590,,Caffe Nero - Ramsgate - SMC,,,01843 591 199,,01843 590 099,,,,2057532,,,,,,,,,,,,,,,,,,,
181144600591,,Caffe Nero - Reigate - SMC,,,01737 223391,,01737 223 381,,,,2057533,,,,,,,,,,,,,,,,,,,
181144600592,,Caffe Nero - Caterham - SMC,,,0188 334 8767,,0188 334 2464,,,,2057534,,,,,,,,,,,,,,,,,,,
181144600593,,Caffe Nero - Banstead - SMC,,,0173 735 1576,,0173 736 2504,,,,2057535,,,,,,,,,,,,,,,,,,,
181144600596,,Caffe Nero - Seven Dials - Test VLAN Solution,,,020 7240 9583,,020 7240 8918,,,,2057537,,,,,,,,,,,,,,,,,,,
181144600598,,Cafe Nero - Waterloo The Cut - SMC,,,020 7620 1915,,020 7928 6213,,,,2057577,,,,,,,,,,,,,,,,,,,
181144600599,,Caffe Nero - Havant - SMC,,,02392453135,,02392 453166,,,,2057578,,,,,,,,,,,,,,,,,,,
181144600597,,Caffe Nero - Tenterden - SMC,,,01580 763 740,,01580 763 700,,,,2057579,,,,,,,,,,,,,,,,,,,
181144600600,,Caffe Nero - Ebbsfleet Station - SMC,,,01474 356 850,,01474 328 304,,,,2057640,,,,,,,,,,,,,,,,,,,
181144600604,,Caffe Nero - West Wickham - SMC,,,020 8777 1359,,020 8777 1595,,,,2057697,,,,,,,,,,,,,,,,,,,
181144600607,,Caffe Nero - Kings Lynn - SMC,,,01553 774 484,,01553 774 422,,,,2058112,,,,,,,,,,,,,,,,,,,
181144600606,,Caffe Nero - Birmingham Corporation St - SMC,,,0121 236 4077,,0121 236 7551,,,,2058114,,,,,,,,,,,,,,,,,,,
181144600608,,Caffe Nero - Shrewsbury - SMC,,,01743 344 860,,01743 344 840,,,,2058115,,,,,,,,,,,,,,,,,,,
181144600609,,Caffe Nero - Brentwood - SMC,,,01277 849 089,,01277 849 800,,,,2058116,,,,,,,,,,,,,,,,,,,
181144600610,,Caffe Nero - Chislehurst - SMC,,,020 8467 8170,,020 8467 8100,,,,2058117,,,,,,,,,,,,,,,,,,,
181144600631,,Caffe Nero - Fenchurch St - SMC,,,0207 488 3617,,020 7488 1110,,,,2058520,,,,,,,,,,,,,,,,,,,
181144600637,,Caffe Nero - Clapham Junction - SMC,,,02077382877,,2077382877,,,,2058521,,,,,,,,,,,,,,,,,,,
181144600632,,Caffe Nero - Camden Parkway - SMC,,,020 7485 3444,,020 7485 2478,,,,2058522,,,,,,,,,,,,,,,,,,,
181144600633,,Caffe Nero - Lincoln Waterstones - SMC,,,01522 541100,,01522 541122,,,,2058523,,,,,,,,,,,,,,,,,,,
181144600634,,Caffe Nero - Bishops Stortford - SMC,,,01279 759 004,,01279 759 002,,,,2058524,,,,,,,,,,,,,,,,,,,
181144600638,,Caffe Nero - Manchester Deansgate 1 - SMC,,,0161 832 3187,,0161 832 3186,,,,2058525,,,,,,,,,,,,,,,,,,,
181144600635,,Caffe Nero - Croydon George St - SMC,,,0208 633 1544,,0208 633 1515,,,,2058526,,,,,,,,,,,,,,,,,,,
181144600636,,Caffe Nero - Ely - SMC,,,01353 669637,,01353 658612,,,,2058527,,,,,,,,,,,,,,,,,,,
181144600639,,Caffe Nero - Liverpool Castle St - SMC,,,0151 227 9798,,0151 227 9797,,,,2058528,,,,,,,,,,,,,,,,,,,
181144600640,,Caffe Nero - Piccadilly 2 - SMC,,,020 7434 9220,,020 7434 9339,,,,2058529,,,,,,,,,,,,,,,,,,,
181144600641,,Caffe Nero - Southampton Row - SMC,,,020 7831 1655,,020 7831 1627,,,,2058531,,,,,,,,,,,,,,,,,,,
181144600643,,Caffe Nero - Southport Chapel St - SMC,,,01704 547 300,,01704 501 121,,,,2058533,,,,,,,,,,,,,,,,,,,
181144600648,,Caffe Nero - Cambridge Kings Parade - SMC,,,01223 327 779,,01223 327 789,,,,2058780,,,,,,,,,,,,,,,,,,,
181144600650,,Caffe Nero - Middlesborough - SMC,,,01642 228 992,,01642 228 988,,,,2058783,,,,,,,,,,,,,,,,,,,
181144600651,,Caffe Nero - Westbourne Grove - SMC,,,020 7243 5883,,020 7243 5882,,,,2058786,,,,,,,,,,,,,,,,,,,
181144600652,,Caffe Nero - Haymarket - SMC,,,020 7930 9902,,020 7930 9901,,,,2058787,,,,,,,,,,,,,,,,,,,
181144600653,,Caffe Nero - Kendal - SMC,,,01539 722 023,,01539 722 071,,,,2058788,,,,,,,,,,,,,,,,,,,
181144600646,,Caffe Nero - Wilmslow Grove St - SMC,,,01625 441 555,,01625 441 679,,,,2058799,,,,,,,,,,,,,,,,,,,
181144600656,,Caffe Nero - Exmouth Market - SMC,,,020 7833 3535,,020 7833 3050,,,,2058868,,,,,,,,,,,,,,,,,,,
181144600657,,Caffe Nero - Poole - SMC,,,01202 669 727,,01202 669 700,,,,2058869,,,,,,,,,,,,,,,,,,,
181144600658,,Caffe Nero - Streatham High St - SMC,,,020 8769 0213,,020 8835 0764,,,,2058872,,,,,,,,,,,,,,,,,,,
181144600661,,Caffe Nero - Glasgow Union St - SMC,,,0141 248 1962,,0141 248 1960,,,,2059238,,,,,,,,,,,,,,,,,,,
181144600668,,Caffe Nero - Balham  - SMC,,,020 8772 6635,,020 8772 6634,,,,2059339,,,,,,,,,,,,,,,,,,,
181144600669,,Caffe Nero - Taunton  - SMC,,,01823 423 821,,01823 423 820,,,,2059340,,,,,,,,,,,,,,,,,,,
181144600670,,Caffe Nero - East Croydon  - SMC,,,020 8688 4547,,020 8688 4555,,,,2059341,,,,,,,,,,,,,,,,,,,
181144600671,,Caffe Nero - Nottingham Angel Row  - SMC,,,0115 948 2900,,0115 948 2648,,,,2059342,,,,,,,,,,,,,,,,,,,
181144600672,,Caffe Nero - Belfast Fountain St  - SMC,,,02890 240 138,,02890 333974,,,,2059343,,,,,,,,,,,,,,,,,,,
181144600673,,Caffe Nero - Grimsby HOF  - SMC,,,01472 355906,,01472 352815,,,,2059344,,,,,,,,,,,,,,,,,,,
181144600674,,Caffe Nero - Nottingham Forman St  - SMC,,,0115 958 1932,,0115 958 1244,,,,2059345,,,,,,,,,,,,,,,,,,,
181144600675,,Caffe Nero - Clitheroe  - SMC,,,01200 423254,,01200 427434,,,,2059346,,,,,,,,,,,,,,,,,,,
181144600676,,Caffe Nero - Cardiff Leckwith  - SMC,,,029 2022 0833,,029 2022 4122,,,,2059347,,,,,,,,,,,,,,,,,,,
181144600678,,Caffe Nero - Lytham - SMC,,,01253 734 670,,01253 734 600,,,,2059349,,,,,,,,,,,,,,,,,,,
181144600679,,Caffe Nero - Chesterfield  - SMC,,,01246 271 157,,01246 271 144,,,,2059413,,,,,,,,,,,,,,,,,,,
181144600680,,Caffe Nero - Boston  - SMC,,,01205 361256,,01205 355979,,,,2059414,,,,,,,,,,,,,,,,,,,
181144600685,,Caffe Nero - Leicester Market St - SMC,,,0116 255 4436,,0116 255 4431,,,,2060262,,,,,,,,,,,,,,,,,,,
181144600686,,Caffe Nero - Exeter High St - SMC,,,01392 279 101,,01392 279 100,,,,2060263,,,,,,,,,,,,,,,,,,,
181144600687,,Caffe Nero - Buxton - SMC,,,01298 25907,,01298 25900,,,,2060271,,,,,,,,,,,,,,,,,,,
181144600688,,Caffe Nero - Manchester Trafford - SMC,,,01617497692,,1617497691,,,,2060306,,,,,,,,,,,,,,,,,,,
181144600689,,Caffe Nero - Falkirk - SMC,,,01324 626485,,01324 623906,,,,2060307,,,,,,,,,,,,,,,,,,,
181144600690,,Caffe Nero - Manchester Piccadilly App - SMC,,,0161 235 5002,,0161 235 5001,,,,2060342,,,,,,,,,,,,,,,,,,,
181144600691,,Caffe Nero - Bournemouth Commercial Rd - SMC,,,01202558911,,1202298878,,,,2060504,,,,,,,,,,,,,,,,,,,
181144600692,,Caffe Nero - Liverpool Bold St - SMC,,,0151 707 1934,,0151 707 1234,,,,2060533,,,,,,,,,,,,,,,,,,,
181144600697,,Caffe Nero - Macclesfield - SMC,,,01625 611 126,,01625 611 122,,,,2061314,,,,,,,,,,,,,,,,,,,
181144600698,,Caffe Nero - Worcester Broad Street - SMC,,,01905 739476,,01905 617356,,,,2061316,,,,,,,,,,,,,,,,,,,
181144600699,,Caffe Nero - Banbury - SMC,,,01295 279 848,,01295 273 879,,,,2061317,,,,,,,,,,,,,,,,,,,
181144600711,,Caffe Nero - Newcastle Clayton St - SMC,,,0191 230 0345,,0191 230 0245,,,,2063211,,,,,,,,,,,,,,,,,,,
181144600712,,Caffe Nero - Exeter Queen St - SMC,,,01392 279 223,,01392 279 222,,,,2063404,,,,,,,,,,,,,,,,,,,
